Time,Voltage
0.000000000,0.019994
0.000005000,0.025757
0.000010000,0.007283
0.000015000,0.009023
0.000020000,0.036867
0.000025000,-0.018834
0.000030000,0.046572
0.000035000,0.032023
0.000040000,0.053014
0.000045000,0.039958
0.000050000,-0.006452
0.000055000,0.039593
0.000060000,-0.004354
0.000065000,0.031770
0.000070000,0.013589
0.000075000,0.018549
0.000080000,0.026640
0.000085000,0.013312
0.000090000,0.018776
0.000095000,0.022881
0.000100000,0.042677
0.000105000,0.649876
0.000110000,1.345526
0.000115000,1.983794
0.000120000,2.624901
0.000125000,3.250972
0.000130000,3.289577
0.000135000,3.273711
0.000140000,3.295496
0.000145000,3.299853
0.000150000,3.280829
0.000155000,3.299157
0.000160000,3.298424
0.000165000,3.294899
0.000170000,3.290871
0.000175000,3.296913
0.000180000,3.296491
0.000185000,3.311133
0.000190000,3.290380
0.000195000,3.293519
0.000200000,3.317884
0.000205000,3.305043
0.000210000,3.296225
0.000215000,3.289926
0.000220000,3.310693
0.000225000,3.280525
0.000230000,3.301679
0.000235000,3.295775
0.000240000,3.308956
0.000245000,3.266402
0.000250000,3.298238
0.000255000,3.281439
0.000260000,3.310811
0.000265000,3.306488
0.000270000,3.293815
0.000275000,3.313158
0.000280000,3.309341
0.000285000,3.307895
0.000290000,3.294321
0.000295000,3.293933
0.000300000,3.327659
0.000305000,3.311350
0.000310000,3.278774
0.000315000,3.290569
0.000320000,3.296684
0.000325000,3.298669
0.000330000,3.288306
0.000335000,3.297185
0.000340000,3.313301
0.000345000,3.299146
0.000350000,3.286588
0.000355000,3.303787
0.000360000,3.302362
0.000365000,3.301227
0.000370000,3.283602
0.000375000,3.313423
0.000380000,3.297107
0.000385000,3.286582
0.000390000,3.298371
0.000395000,3.282987
0.000400000,3.295154
0.000405000,3.305663
0.000410000,3.306335
0.000415000,3.323155
0.000420000,3.294873
0.000425000,3.312219
0.000430000,3.327978
0.000435000,3.309333
0.000440000,3.284886
0.000445000,3.283103
0.000450000,3.328886
0.000455000,3.307596
0.000460000,3.303299
0.000465000,3.276782
0.000470000,3.284664
0.000475000,3.289012
0.000480000,3.309165
0.000485000,3.313370
0.000490000,3.293731
0.000495000,3.316927
0.000500000,3.302332
0.000505000,2.786324
0.000510000,2.246120
0.000515000,1.700404
0.000520000,1.124704
0.000525000,0.580460
0.000530000,0.066053
0.000535000,-0.007437
0.000540000,0.002189
0.000545000,0.029165
0.000550000,0.012145
0.000555000,0.030265
0.000560000,0.011131
0.000565000,0.017513
0.000570000,0.008759
0.000575000,0.007350
0.000580000,0.009743
0.000585000,0.018421
0.000590000,0.038859
0.000595000,0.033895
0.000600000,0.032783
0.000605000,0.014429
0.000610000,0.041401
0.000615000,0.009112
0.000620000,0.038010
0.000625000,0.005471
0.000630000,-0.002848
0.000635000,0.020526
0.000640000,0.046453
0.000645000,0.003347
0.000650000,0.014240
0.000655000,0.020794
0.000660000,0.004423
0.000665000,0.009452
0.000670000,0.028833
0.000675000,0.030705
0.000680000,0.031962
0.000685000,0.033804
0.000690000,0.019309
0.000695000,0.008446
0.000700000,0.036559
0.000705000,0.004725
0.000710000,0.040820
0.000715000,0.031463
0.000720000,0.012884
0.000725000,-0.018823
0.000730000,0.030614
0.000735000,0.036097
0.000740000,0.020338
0.000745000,0.014914
0.000750000,0.034480
0.000755000,0.047740
0.000760000,0.002518
0.000765000,0.024936
0.000770000,0.016884
0.000775000,-0.000722
0.000780000,0.013385
0.000785000,0.017733
0.000790000,0.001523
0.000795000,0.046532
0.000800000,0.050334
0.000805000,0.053480
0.000810000,0.005656
0.000815000,0.014485
0.000820000,0.035164
0.000825000,-0.003769
0.000830000,0.008588
0.000835000,0.025518
0.000840000,-0.003073
0.000845000,0.005998
0.000850000,0.008437
0.000855000,0.006536
0.000860000,0.028382
0.000865000,0.021589
0.000870000,0.006683
0.000875000,0.034846
0.000880000,-0.011949
0.000885000,0.037436
0.000890000,0.042940
0.000895000,0.049397
0.000900000,0.008614
0.000905000,0.027315
0.000910000,-0.006790
0.000915000,0.051122
0.000920000,0.002987
0.000925000,0.019681
0.000930000,0.017639
0.000935000,0.020061
0.000940000,0.019238
0.000945000,0.012935
0.000950000,0.036283
0.000955000,0.041838
0.000960000,0.007033
0.000965000,0.031334
0.000970000,0.023853
0.000975000,0.044570
0.000980000,0.002319
0.000985000,0.015739
0.000990000,0.022120
0.000995000,0.002379
0.001000000,0.019441
0.001005000,0.011307
0.001010000,0.025928
0.001015000,0.014233
0.001020000,0.021914
0.001025000,0.012132
0.001030000,-0.002613
0.001035000,0.015908
0.001040000,0.005607
0.001045000,0.023831
0.001050000,0.012737
0.001055000,0.020556
0.001060000,0.043309
0.001065000,0.016810
0.001070000,-0.005605
0.001075000,0.016089
0.001080000,-0.002116
0.001085000,0.032097
0.001090000,0.017290
0.001095000,-0.005212
0.001100000,0.018063
0.001105000,0.478482
0.001110000,1.129884
0.001115000,1.812658
0.001120000,2.484606
0.001125000,3.087173
0.001130000,3.290093
0.001135000,3.279914
0.001140000,3.300127
0.001145000,3.299408
0.001150000,3.290278
0.001155000,3.306428
0.001160000,3.292455
0.001165000,3.309938
0.001170000,3.276358
0.001175000,3.298619
0.001180000,3.313320
0.001185000,3.285444
0.001190000,3.293470
0.001195000,3.295443
0.001200000,3.301325
0.001205000,3.304686
0.001210000,3.313482
0.001215000,3.299062
0.001220000,3.302993
0.001225000,3.304853
0.001230000,3.303480
0.001235000,3.308230
0.001240000,3.320278
0.001245000,3.314138
0.001250000,3.274815
0.001255000,3.275600
0.001260000,3.267989
0.001265000,3.303515
0.001270000,3.299319
0.001275000,3.290127
0.001280000,3.301748
0.001285000,3.312577
0.001290000,3.307572
0.001295000,3.288747
0.001300000,3.306850
0.001305000,3.299350
0.001310000,3.292855
0.001315000,3.282648
0.001320000,3.316792
0.001325000,3.300017
0.001330000,3.316289
0.001335000,3.317021
0.001340000,3.336247
0.001345000,3.308406
0.001350000,3.313625
0.001355000,3.300962
0.001360000,3.317880
0.001365000,3.302784
0.001370000,3.281845
0.001375000,3.279551
0.001380000,3.292218
0.001385000,3.287879
0.001390000,3.317255
0.001395000,3.322361
0.001400000,3.292973
0.001405000,3.302879
0.001410000,3.290641
0.001415000,3.271134
0.001420000,3.313808
0.001425000,3.310934
0.001430000,3.302758
0.001435000,3.296585
0.001440000,3.286479
0.001445000,3.317309
0.001450000,3.289886
0.001455000,3.357280
0.001460000,3.313935
0.001465000,3.300046
0.001470000,3.294672
0.001475000,3.307904
0.001480000,3.296219
0.001485000,3.287673
0.001490000,3.299520
0.001495000,3.308270
0.001500000,3.255652
0.001505000,2.890018
0.001510000,2.335703
0.001515000,1.798706
0.001520000,1.248165
0.001525000,0.680420
0.001530000,0.136948
0.001535000,0.020312
0.001540000,0.001426
0.001545000,0.020309
0.001550000,0.011323
0.001555000,0.016392
0.001560000,-0.004471
0.001565000,0.038516
0.001570000,0.031227
0.001575000,0.048803
0.001580000,0.033996
0.001585000,0.005766
0.001590000,0.016046
0.001595000,0.017326
0.001600000,-0.009163
0.001605000,0.014336
0.001610000,0.013579
0.001615000,0.041557
0.001620000,0.001231
0.001625000,0.020735
0.001630000,-0.008704
0.001635000,0.018240
0.001640000,0.022310
0.001645000,0.007940
0.001650000,-0.002968
0.001655000,0.022631
0.001660000,0.033584
0.001665000,0.020138
0.001670000,0.041344
0.001675000,0.035867
0.001680000,0.052413
0.001685000,0.015220
0.001690000,0.014499
0.001695000,0.006213
0.001700000,-0.000799
0.001705000,0.018431
0.001710000,0.034655
0.001715000,0.056653
0.001720000,-0.006241
0.001725000,0.006986
0.001730000,0.029091
0.001735000,0.030317
0.001740000,0.078821
0.001745000,0.030777
0.001750000,0.019361
0.001755000,0.014517
0.001760000,0.011944
0.001765000,0.014572
0.001770000,0.012637
0.001775000,0.015775
0.001780000,0.020554
0.001785000,-0.015882
0.001790000,0.037277
0.001795000,0.002869
0.001800000,0.013071
0.001805000,0.044938
0.001810000,0.007661
0.001815000,0.022540
0.001820000,0.016345
0.001825000,0.023793
0.001830000,-0.006837
0.001835000,-0.013402
0.001840000,0.046268
0.001845000,0.033108
0.001850000,0.037094
0.001855000,0.028678
0.001860000,0.040061
0.001865000,0.037492
0.001870000,0.000810
0.001875000,0.009254
0.001880000,0.014880
0.001885000,0.019068
0.001890000,0.037569
0.001895000,0.024054
0.001900000,0.014480
0.001905000,0.023596
0.001910000,0.036045
0.001915000,0.014250
0.001920000,0.019422
0.001925000,0.021504
0.001930000,0.014692
0.001935000,0.027665
0.001940000,0.023086
0.001945000,0.023376
0.001950000,0.002031
0.001955000,0.014562
0.001960000,0.033162
0.001965000,0.040039
0.001970000,0.014233
0.001975000,0.015388
0.001980000,0.018035
0.001985000,0.032877
0.001990000,-0.015667
0.001995000,0.034949
0.002000000,0.043903
0.002005000,0.021451
0.002010000,0.040339
0.002015000,0.012853
0.002020000,0.009994
0.002025000,0.021608
0.002030000,0.027187
0.002035000,0.017035
0.002040000,0.010746
0.002045000,0.014898
0.002050000,0.006509
0.002055000,0.030233
0.002060000,0.034471
0.002065000,0.030607
0.002070000,0.020880
0.002075000,0.040643
0.002080000,0.019605
0.002085000,0.031392
0.002090000,-0.016883
0.002095000,0.040683
0.002100000,0.009733
0.002105000,0.289119
0.002110000,0.966885
0.002115000,1.613970
0.002120000,2.271100
0.002125000,2.929202
0.002130000,3.299304
0.002135000,3.262296
0.002140000,3.300279
0.002145000,3.293246
0.002150000,3.313983
0.002155000,3.303530
0.002160000,3.288421
0.002165000,3.302023
0.002170000,3.287658
0.002175000,3.299276
0.002180000,3.293468
0.002185000,3.319170
0.002190000,3.291486
0.002195000,3.307815
0.002200000,3.330902
0.002205000,3.300299
0.002210000,3.304613
0.002215000,3.314924
0.002220000,3.288990
0.002225000,3.263552
0.002230000,3.267516
0.002235000,3.296748
0.002240000,3.290102
0.002245000,3.281807
0.002250000,3.286387
0.002255000,3.309274
0.002260000,3.280197
0.002265000,3.323705
0.002270000,3.304955
0.002275000,3.309360
0.002280000,3.346069
0.002285000,3.305657
0.002290000,3.299443
0.002295000,3.267815
0.002300000,3.296824
0.002305000,3.283943
0.002310000,3.266880
0.002315000,3.309313
0.002320000,3.301235
0.002325000,3.322938
0.002330000,3.300075
0.002335000,3.328219
0.002340000,3.328396
0.002345000,3.307466
0.002350000,3.284216
0.002355000,3.317006
0.002360000,3.314015
0.002365000,3.273563
0.002370000,3.281284
0.002375000,3.293736
0.002380000,3.305427
0.002385000,3.293792
0.002390000,3.297863
0.002395000,3.281824
0.002400000,3.282696
0.002405000,3.287366
0.002410000,3.303156
0.002415000,3.317224
0.002420000,3.311308
0.002425000,3.290366
0.002430000,3.319944
0.002435000,3.317832
0.002440000,3.308407
0.002445000,3.297104
0.002450000,3.306551
0.002455000,3.298717
0.002460000,3.307599
0.002465000,3.305806
0.002470000,3.313939
0.002475000,3.270290
0.002480000,3.273920
0.002485000,3.289728
0.002490000,3.287641
0.002495000,3.280574
0.002500000,3.285066
0.002505000,3.125337
0.002510000,2.555654
0.002515000,2.006192
0.002520000,1.466231
0.002525000,0.955681
0.002530000,0.373201
0.002535000,0.033683
0.002540000,0.017788
0.002545000,0.024557
0.002550000,0.007310
0.002555000,0.022997
0.002560000,0.025537
0.002565000,0.023939
0.002570000,0.014594
0.002575000,-0.008393
0.002580000,0.001510
0.002585000,0.000127
0.002590000,0.009055
0.002595000,0.025738
0.002600000,0.010236
0.002605000,0.025617
0.002610000,0.021605
0.002615000,0.041130
0.002620000,0.022155
0.002625000,0.047808
0.002630000,0.022939
0.002635000,0.028870
0.002640000,0.003512
0.002645000,0.008765
0.002650000,0.045680
0.002655000,0.050063
0.002660000,0.036469
0.002665000,0.039022
0.002670000,0.020239
0.002675000,0.019532
0.002680000,0.010863
0.002685000,0.017530
0.002690000,0.008175
0.002695000,0.036397
0.002700000,0.027412
0.002705000,-0.001278
0.002710000,0.022503
0.002715000,0.010658
0.002720000,0.030970
0.002725000,0.027580
0.002730000,0.015958
0.002735000,0.019776
0.002740000,-0.008179
0.002745000,0.029792
0.002750000,0.008034
0.002755000,0.012488
0.002760000,-0.005219
0.002765000,0.019467
0.002770000,0.012525
0.002775000,0.011759
0.002780000,0.039728
0.002785000,0.009678
0.002790000,0.024596
0.002795000,0.019550
0.002800000,0.008820
0.002805000,0.017255
0.002810000,-0.002019
0.002815000,0.023578
0.002820000,0.010961
0.002825000,0.004841
0.002830000,0.001638
0.002835000,-0.001502
0.002840000,-0.010983
0.002845000,0.028374
0.002850000,0.036068
0.002855000,0.017834
0.002860000,-0.000830
0.002865000,0.020818
0.002870000,0.015514
0.002875000,0.026667
0.002880000,0.036446
0.002885000,0.011792
0.002890000,0.017497
0.002895000,0.021558
0.002900000,0.000451
0.002905000,0.037472
0.002910000,0.029759
0.002915000,0.036162
0.002920000,0.030612
0.002925000,0.015381
0.002930000,0.022283
0.002935000,0.036574
0.002940000,0.024275
0.002945000,0.020892
0.002950000,0.013443
0.002955000,0.013695
0.002960000,0.028771
0.002965000,0.024262
0.002970000,0.002839
0.002975000,0.040156
0.002980000,0.021234
0.002985000,0.023442
0.002990000,0.034182
0.002995000,0.016931
0.003000000,0.038426
0.003005000,0.022767
0.003010000,0.026808
0.003015000,0.021719
0.003020000,0.040115
0.003025000,0.018474
0.003030000,0.031343
0.003035000,0.027813
0.003040000,0.054792
0.003045000,0.022620
0.003050000,0.016586
0.003055000,0.026544
0.003060000,0.035701
0.003065000,-0.000688
0.003070000,0.020530
0.003075000,0.005963
0.003080000,0.027642
0.003085000,0.018208
0.003090000,0.009027
0.003095000,0.011258
0.003100000,0.022275
0.003105000,0.304371
0.003110000,0.968486
0.003115000,1.610087
0.003120000,2.283225
0.003125000,2.926844
0.003130000,3.324640
0.003135000,3.301876
0.003140000,3.319682
0.003145000,3.284522
0.003150000,3.263891
0.003155000,3.291160
0.003160000,3.300622
0.003165000,3.319477
0.003170000,3.321230
0.003175000,3.324643
0.003180000,3.302325
0.003185000,3.293536
0.003190000,3.276222
0.003195000,3.312731
0.003200000,3.296194
0.003205000,3.301832
0.003210000,3.315070
0.003215000,3.317806
0.003220000,3.296831
0.003225000,3.294925
0.003230000,3.287828
0.003235000,3.273259
0.003240000,3.315950
0.003245000,3.287604
0.003250000,3.283671
0.003255000,3.298014
0.003260000,3.315529
0.003265000,3.306355
0.003270000,3.291723
0.003275000,3.306264
0.003280000,3.314727
0.003285000,3.279110
0.003290000,3.300677
0.003295000,3.283128
0.003300000,3.294892
0.003305000,3.288097
0.003310000,3.309765
0.003315000,3.289973
0.003320000,3.306727
0.003325000,3.285737
0.003330000,3.301303
0.003335000,3.303720
0.003340000,3.297559
0.003345000,3.325132
0.003350000,3.317955
0.003355000,3.312405
0.003360000,3.301024
0.003365000,3.296566
0.003370000,3.334599
0.003375000,3.325119
0.003380000,3.304950
0.003385000,3.305503
0.003390000,3.306075
0.003395000,3.264459
0.003400000,3.277183
0.003405000,3.272929
0.003410000,3.315733
0.003415000,3.304592
0.003420000,3.275760
0.003425000,3.301811
0.003430000,3.295657
0.003435000,3.318422
0.003440000,3.292500
0.003445000,3.323515
0.003450000,3.314108
0.003455000,3.286802
0.003460000,3.313271
0.003465000,3.294924
0.003470000,3.306817
0.003475000,3.280409
0.003480000,3.302807
0.003485000,3.305095
0.003490000,3.314363
0.003495000,3.307417
0.003500000,3.285333
0.003505000,3.286073
0.003510000,2.796084
0.003515000,2.244862
0.003520000,1.711730
0.003525000,1.148953
0.003530000,0.577585
0.003535000,0.055472
0.003540000,0.025922
0.003545000,-0.003514
0.003550000,-0.015248
0.003555000,0.010961
0.003560000,0.029953
0.003565000,0.024150
0.003570000,0.010156
0.003575000,0.023169
0.003580000,0.017976
0.003585000,0.023008
0.003590000,0.029821
0.003595000,0.008126
0.003600000,0.018461
0.003605000,0.046655
0.003610000,0.016530
0.003615000,0.031810
0.003620000,0.031438
0.003625000,0.013778
0.003630000,0.015410
0.003635000,0.032742
0.003640000,0.031455
0.003645000,0.015872
0.003650000,0.008961
0.003655000,0.014085
0.003660000,0.021570
0.003665000,0.038088
0.003670000,-0.001888
0.003675000,-0.000953
0.003680000,0.021196
0.003685000,0.004277
0.003690000,0.025426
0.003695000,0.031698
0.003700000,0.037025
0.003705000,0.025411
0.003710000,0.044430
0.003715000,0.025847
0.003720000,0.030775
0.003725000,0.018363
0.003730000,0.021097
0.003735000,0.008956
0.003740000,0.039496
0.003745000,-0.000256
0.003750000,0.001591
0.003755000,0.045786
0.003760000,0.033344
0.003765000,0.029527
0.003770000,-0.003290
0.003775000,0.012839
0.003780000,0.015388
0.003785000,0.010187
0.003790000,0.033489
0.003795000,0.017398
0.003800000,0.028746
0.003805000,0.032058
0.003810000,0.029985
0.003815000,0.009374
0.003820000,0.022118
0.003825000,0.012288
0.003830000,0.027068
0.003835000,-0.018431
0.003840000,0.019629
0.003845000,0.024964
0.003850000,0.003085
0.003855000,0.007867
0.003860000,0.022382
0.003865000,0.034687
0.003870000,0.032529
0.003875000,0.030654
0.003880000,0.033749
0.003885000,0.000308
0.003890000,0.012657
0.003895000,0.015720
0.003900000,-0.006087
0.003905000,0.039529
0.003910000,0.069713
0.003915000,0.032623
0.003920000,0.018723
0.003925000,0.031749
0.003930000,0.023291
0.003935000,0.011236
0.003940000,0.025274
0.003945000,0.021558
0.003950000,0.009883
0.003955000,0.037006
0.003960000,0.029499
0.003965000,0.006606
0.003970000,0.014668
0.003975000,0.021010
0.003980000,0.020512
0.003985000,0.056099
0.003990000,0.025943
0.003995000,0.023330
0.004000000,0.032477
0.004005000,0.043620
0.004010000,0.026388
0.004015000,0.012008
0.004020000,0.047410
0.004025000,0.003888
0.004030000,0.017737
0.004035000,0.015050
0.004040000,0.044575
0.004045000,0.014086
0.004050000,-0.007128
0.004055000,0.035134
0.004060000,0.029325
0.004065000,-0.001846
0.004070000,0.016082
0.004075000,0.000345
0.004080000,0.012388
0.004085000,0.028284
0.004090000,0.051863
0.004095000,0.021849
0.004100000,0.002922
0.004105000,0.592904
0.004110000,1.288719
0.004115000,1.906976
0.004120000,2.547437
0.004125000,3.206900
0.004130000,3.277693
0.004135000,3.280807
0.004140000,3.287672
0.004145000,3.289187
0.004150000,3.284140
0.004155000,3.288651
0.004160000,3.325914
0.004165000,3.282589
0.004170000,3.287237
0.004175000,3.297433
0.004180000,3.321057
0.004185000,3.322313
0.004190000,3.310841
0.004195000,3.317465
0.004200000,3.304793
0.004205000,3.268875
0.004210000,3.287481
0.004215000,3.299219
0.004220000,3.288771
0.004225000,3.308939
0.004230000,3.249013
0.004235000,3.300714
0.004240000,3.304450
0.004245000,3.292272
0.004250000,3.278025
0.004255000,3.306713
0.004260000,3.292511
0.004265000,3.317471
0.004270000,3.313286
0.004275000,3.332236
0.004280000,3.303414
0.004285000,3.290616
0.004290000,3.279924
0.004295000,3.304082
0.004300000,3.252151
0.004305000,3.296992
0.004310000,3.303102
0.004315000,3.286492
0.004320000,3.269544
0.004325000,3.280277
0.004330000,3.328251
0.004335000,3.288826
0.004340000,3.287718
0.004345000,3.314672
0.004350000,3.291783
0.004355000,3.304654
0.004360000,3.280338
0.004365000,3.311616
0.004370000,3.324897
0.004375000,3.322846
0.004380000,3.301117
0.004385000,3.294094
0.004390000,3.332173
0.004395000,3.266826
0.004400000,3.276238
0.004405000,3.277720
0.004410000,3.298779
0.004415000,3.303795
0.004420000,3.297539
0.004425000,3.317090
0.004430000,3.300331
0.004435000,3.302578
0.004440000,3.298561
0.004445000,3.321156
0.004450000,3.290904
0.004455000,3.301452
0.004460000,3.289809
0.004465000,3.303668
0.004470000,3.310068
0.004475000,3.292377
0.004480000,3.282121
0.004485000,3.297324
0.004490000,3.294932
0.004495000,3.270402
0.004500000,3.296973
0.004505000,3.304289
0.004510000,2.787523
0.004515000,2.243005
0.004520000,1.718213
0.004525000,1.142229
0.004530000,0.613758
0.004535000,0.031034
0.004540000,0.019378
0.004545000,0.012611
0.004550000,-0.002053
0.004555000,0.007674
0.004560000,-0.013302
0.004565000,0.000834
0.004570000,0.026884
0.004575000,0.045858
0.004580000,0.024543
0.004585000,0.022175
0.004590000,0.016848
0.004595000,0.012294
0.004600000,0.006677
0.004605000,0.012629
0.004610000,-0.018797
0.004615000,0.032347
0.004620000,0.014159
0.004625000,0.044631
0.004630000,0.014921
0.004635000,0.006330
0.004640000,0.001929
0.004645000,0.043374
0.004650000,0.013176
0.004655000,0.031293
0.004660000,0.010999
0.004665000,0.012604
0.004670000,0.033994
0.004675000,0.000250
0.004680000,0.035181
0.004685000,0.012545
0.004690000,0.015868
0.004695000,0.006498
0.004700000,0.027258
0.004705000,0.019425
0.004710000,0.012704
0.004715000,0.017524
0.004720000,0.037283
0.004725000,0.025890
0.004730000,0.033630
0.004735000,0.043077
0.004740000,0.051133
0.004745000,-0.027433
0.004750000,0.001772
0.004755000,0.009896
0.004760000,0.003277
0.004765000,0.028270
0.004770000,0.008393
0.004775000,0.001926
0.004780000,0.056394
0.004785000,0.038563
0.004790000,0.017015
0.004795000,0.034103
0.004800000,0.003057
0.004805000,0.024678
0.004810000,0.040259
0.004815000,0.020302
0.004820000,0.027828
0.004825000,0.040851
0.004830000,0.027865
0.004835000,0.027997
0.004840000,0.019231
0.004845000,0.028910
0.004850000,0.042050
0.004855000,-0.005593
0.004860000,0.016827
0.004865000,0.004422
0.004870000,0.013718
0.004875000,0.055730
0.004880000,0.028173
0.004885000,0.020292
0.004890000,0.013121
0.004895000,0.008689
0.004900000,0.018354
0.004905000,-0.006085
0.004910000,0.009042
0.004915000,0.039678
0.004920000,0.027601
0.004925000,0.023185
0.004930000,0.011795
0.004935000,0.008142
0.004940000,0.019189
0.004945000,0.023729
0.004950000,0.021381
0.004955000,0.003730
0.004960000,0.003829
0.004965000,0.014822
0.004970000,0.028298
0.004975000,0.039333
0.004980000,0.022154
0.004985000,0.023993
0.004990000,0.018096
0.004995000,0.009492
0.005000000,0.019059
0.005005000,-0.005635
0.005010000,0.001188
0.005015000,0.036505
0.005020000,0.007465
0.005025000,0.008648
0.005030000,0.014112
0.005035000,0.014128
0.005040000,0.025842
0.005045000,-0.001283
0.005050000,0.014665
0.005055000,0.040522
0.005060000,0.033065
0.005065000,0.027386
0.005070000,0.051725
0.005075000,0.022603
0.005080000,0.004974
0.005085000,0.003049
0.005090000,0.013439
0.005095000,0.024047
0.005100000,0.018698
0.005105000,0.348351
0.005110000,1.004510
0.005115000,1.665963
0.005120000,2.320903
0.005125000,2.980631
0.005130000,3.265381
0.005135000,3.286135
0.005140000,3.296504
0.005145000,3.301812
0.005150000,3.290261
0.005155000,3.271953
0.005160000,3.297899
0.005165000,3.316751
0.005170000,3.298627
0.005175000,3.308128
0.005180000,3.327908
0.005185000,3.294226
0.005190000,3.310351
0.005195000,3.279489
0.005200000,3.320908
0.005205000,3.287874
0.005210000,3.295622
0.005215000,3.320680
0.005220000,3.323442
0.005225000,3.296966
0.005230000,3.281082
0.005235000,3.313304
0.005240000,3.291553
0.005245000,3.299618
0.005250000,3.308231
0.005255000,3.318240
0.005260000,3.316910
0.005265000,3.301931
0.005270000,3.301971
0.005275000,3.294210
0.005280000,3.294848
0.005285000,3.300432
0.005290000,3.320332
0.005295000,3.306267
0.005300000,3.308264
0.005305000,3.283221
0.005310000,3.279734
0.005315000,3.288466
0.005320000,3.276475
0.005325000,3.266685
0.005330000,3.306704
0.005335000,3.312376
0.005340000,3.320745
0.005345000,3.296307
0.005350000,3.285181
0.005355000,3.315095
0.005360000,3.292038
0.005365000,3.326664
0.005370000,3.267487
0.005375000,3.312385
0.005380000,3.276720
0.005385000,3.298275
0.005390000,3.288304
0.005395000,3.269854
0.005400000,3.291645
0.005405000,3.269551
0.005410000,3.270017
0.005415000,3.303851
0.005420000,3.271898
0.005425000,3.303492
0.005430000,3.297427
0.005435000,3.305955
0.005440000,3.303571
0.005445000,3.282200
0.005450000,3.284973
0.005455000,3.307014
0.005460000,3.278530
0.005465000,3.314359
0.005470000,3.281184
0.005475000,3.306085
0.005480000,3.296168
0.005485000,3.284205
0.005490000,3.295875
0.005495000,3.303122
0.005500000,3.293164
0.005505000,3.289931
0.005510000,2.840454
0.005515000,2.297797
0.005520000,1.732864
0.005525000,1.217370
0.005530000,0.677945
0.005535000,0.105992
0.005540000,0.007039
0.005545000,0.038092
0.005550000,-0.007103
0.005555000,0.035666
0.005560000,0.030886
0.005565000,0.011341
0.005570000,0.030920
0.005575000,0.029141
0.005580000,0.020358
0.005585000,0.037071
0.005590000,0.029237
0.005595000,0.018307
0.005600000,0.011812
0.005605000,0.012169
0.005610000,0.035644
0.005615000,0.007045
0.005620000,0.011500
0.005625000,-0.001227
0.005630000,0.026283
0.005635000,0.037712
0.005640000,0.035753
0.005645000,0.038940
0.005650000,0.041055
0.005655000,0.042859
0.005660000,0.043209
0.005665000,0.002450
0.005670000,0.027185
0.005675000,0.001614
0.005680000,0.024806
0.005685000,0.005228
0.005690000,0.005535
0.005695000,0.030050
0.005700000,0.014153
0.005705000,0.031769
0.005710000,0.035588
0.005715000,0.014707
0.005720000,0.031949
0.005725000,0.009049
0.005730000,0.030415
0.005735000,-0.001021
0.005740000,0.024822
0.005745000,0.017214
0.005750000,0.007627
0.005755000,0.008478
0.005760000,0.014953
0.005765000,0.020907
0.005770000,0.030911
0.005775000,0.035965
0.005780000,0.008443
0.005785000,0.010407
0.005790000,0.021085
0.005795000,-0.006784
0.005800000,0.006889
0.005805000,-0.007380
0.005810000,0.024630
0.005815000,0.023568
0.005820000,0.020453
0.005825000,0.019752
0.005830000,0.011024
0.005835000,0.008545
0.005840000,0.038383
0.005845000,0.026739
0.005850000,0.039333
0.005855000,0.042929
0.005860000,0.012450
0.005865000,0.045427
0.005870000,0.014176
0.005875000,0.037682
0.005880000,0.049125
0.005885000,0.027412
0.005890000,0.023061
0.005895000,0.032671
0.005900000,0.008537
0.005905000,0.015260
0.005910000,0.034006
0.005915000,0.018731
0.005920000,-0.000317
0.005925000,0.036958
0.005930000,0.034386
0.005935000,0.020668
0.005940000,0.003120
0.005945000,0.020160
0.005950000,-0.020915
0.005955000,0.017769
0.005960000,0.022343
0.005965000,0.018714
0.005970000,-0.004624
0.005975000,0.021751
0.005980000,0.006043
0.005985000,0.031192
0.005990000,0.004180
0.005995000,0.004252
0.006000000,0.036216
0.006005000,0.022945
0.006010000,0.006725
0.006015000,0.037014
0.006020000,0.016134
0.006025000,0.011944
0.006030000,0.012916
0.006035000,0.009477
0.006040000,0.020051
0.006045000,0.026904
0.006050000,0.053109
0.006055000,0.008152
0.006060000,0.014281
0.006065000,0.027411
0.006070000,0.031699
0.006075000,0.017090
0.006080000,0.010762
0.006085000,0.008217
0.006090000,0.051464
0.006095000,0.019061
0.006100000,0.013129
0.006105000,0.113417
0.006110000,0.783722
0.006115000,1.431162
0.006120000,2.089102
0.006125000,2.762842
0.006130000,3.303864
0.006135000,3.272722
0.006140000,3.279340
0.006145000,3.256890
0.006150000,3.283668
0.006155000,3.267115
0.006160000,3.292804
0.006165000,3.301101
0.006170000,3.296904
0.006175000,3.311765
0.006180000,3.278172
0.006185000,3.321559
0.006190000,3.281480
0.006195000,3.317261
0.006200000,3.336636
0.006205000,3.282942
0.006210000,3.288737
0.006215000,3.317723
0.006220000,3.319971
0.006225000,3.293697
0.006230000,3.266088
0.006235000,3.295230
0.006240000,3.303170
0.006245000,3.286814
0.006250000,3.301781
0.006255000,3.310459
0.006260000,3.287450
0.006265000,3.310153
0.006270000,3.298405
0.006275000,3.280066
0.006280000,3.323777
0.006285000,3.295070
0.006290000,3.311556
0.006295000,3.296903
0.006300000,3.298640
0.006305000,3.298563
0.006310000,3.306475
0.006315000,3.309930
0.006320000,3.303807
0.006325000,3.324563
0.006330000,3.293917
0.006335000,3.315280
0.006340000,3.284678
0.006345000,3.292218
0.006350000,3.296674
0.006355000,3.306310
0.006360000,3.309378
0.006365000,3.309982
0.006370000,3.278467
0.006375000,3.290676
0.006380000,3.311116
0.006385000,3.315435
0.006390000,3.277074
0.006395000,3.293339
0.006400000,3.304029
0.006405000,3.325290
0.006410000,3.307873
0.006415000,3.311534
0.006420000,3.287933
0.006425000,3.304485
0.006430000,3.320185
0.006435000,3.311774
0.006440000,3.303143
0.006445000,3.311136
0.006450000,3.288607
0.006455000,3.302638
0.006460000,3.313015
0.006465000,3.285400
0.006470000,3.302158
0.006475000,3.313903
0.006480000,3.282086
0.006485000,3.284644
0.006490000,3.278548
0.006495000,3.287019
0.006500000,3.301246
0.006505000,3.131672
0.006510000,2.576306
0.006515000,2.059792
0.006520000,1.499263
0.006525000,0.975969
0.006530000,0.442123
0.006535000,0.000526
0.006540000,-0.002902
0.006545000,-0.009751
0.006550000,0.029628
0.006555000,-0.000795
0.006560000,0.012346
0.006565000,0.016561
0.006570000,-0.004237
0.006575000,0.030807
0.006580000,0.028015
0.006585000,-0.011983
0.006590000,0.033763
0.006595000,0.043093
0.006600000,-0.000367
0.006605000,0.036081
0.006610000,0.009474
0.006615000,0.018077
0.006620000,0.023118
0.006625000,0.023607
0.006630000,0.039161
0.006635000,0.020819
0.006640000,0.034015
0.006645000,0.016711
0.006650000,0.041736
0.006655000,0.034731
0.006660000,0.032957
0.006665000,0.025102
0.006670000,0.013461
0.006675000,0.010589
0.006680000,-0.009222
0.006685000,0.026504
0.006690000,0.016497
0.006695000,0.056445
0.006700000,0.036318
0.006705000,0.009735
0.006710000,0.028360
0.006715000,-0.014459
0.006720000,0.031292
0.006725000,0.033349
0.006730000,0.039695
0.006735000,-0.007978
0.006740000,0.037270
0.006745000,0.028035
0.006750000,0.028595
0.006755000,0.018170
0.006760000,0.016722
0.006765000,0.018145
0.006770000,0.014532
0.006775000,0.007977
0.006780000,0.009221
0.006785000,0.007465
0.006790000,0.020604
0.006795000,0.020042
0.006800000,0.024132
0.006805000,0.009583
0.006810000,0.031026
0.006815000,0.010515
0.006820000,0.034843
0.006825000,0.047859
0.006830000,0.026006
0.006835000,0.003427
0.006840000,0.008892
0.006845000,0.024320
0.006850000,0.021585
0.006855000,-0.005052
0.006860000,0.039461
0.006865000,-0.001970
0.006870000,0.022323
0.006875000,0.002726
0.006880000,0.014441
0.006885000,0.040531
0.006890000,0.038536
0.006895000,0.015773
0.006900000,-0.008477
0.006905000,0.020114
0.006910000,0.016728
0.006915000,0.021760
0.006920000,0.018956
0.006925000,0.007236
0.006930000,0.000136
0.006935000,0.052883
0.006940000,0.001005
0.006945000,0.002218
0.006950000,0.010249
0.006955000,0.018579
0.006960000,0.036204
0.006965000,0.007604
0.006970000,0.047028
0.006975000,0.022373
0.006980000,0.022769
0.006985000,0.033946
0.006990000,0.003515
0.006995000,-0.016641
0.007000000,0.018768
0.007005000,0.026680
0.007010000,0.013011
0.007015000,0.031513
0.007020000,0.018144
0.007025000,0.030377
0.007030000,0.011822
0.007035000,0.030280
0.007040000,0.034862
0.007045000,0.047208
0.007050000,0.029588
0.007055000,0.017732
0.007060000,0.055252
0.007065000,0.012956
0.007070000,-0.012888
0.007075000,0.016161
0.007080000,0.020191
0.007085000,0.044266
0.007090000,0.023254
0.007095000,-0.004343
0.007100000,-0.002018
0.007105000,0.051263
0.007110000,0.706971
0.007115000,1.375855
0.007120000,2.029760
0.007125000,2.678916
0.007130000,3.313413
0.007135000,3.311519
0.007140000,3.285069
0.007145000,3.323354
0.007150000,3.300892
0.007155000,3.301381
0.007160000,3.301927
0.007165000,3.288722
0.007170000,3.305878
0.007175000,3.320804
0.007180000,3.273988
0.007185000,3.332898
0.007190000,3.304575
0.007195000,3.278885
0.007200000,3.322571
0.007205000,3.301749
0.007210000,3.283733
0.007215000,3.277411
0.007220000,3.304703
0.007225000,3.302866
0.007230000,3.304966
0.007235000,3.296524
0.007240000,3.284403
0.007245000,3.304836
0.007250000,3.314874
0.007255000,3.311205
0.007260000,3.291263
0.007265000,3.316443
0.007270000,3.303819
0.007275000,3.318621
0.007280000,3.293197
0.007285000,3.299485
0.007290000,3.310319
0.007295000,3.303067
0.007300000,3.288603
0.007305000,3.307539
0.007310000,3.291890
0.007315000,3.271558
0.007320000,3.262708
0.007325000,3.305615
0.007330000,3.282801
0.007335000,3.289113
0.007340000,3.286362
0.007345000,3.289280
0.007350000,3.310310
0.007355000,3.293349
0.007360000,3.312803
0.007365000,3.311910
0.007370000,3.273340
0.007375000,3.289049
0.007380000,3.278289
0.007385000,3.304084
0.007390000,3.283869
0.007395000,3.289440
0.007400000,3.284599
0.007405000,3.289974
0.007410000,3.293261
0.007415000,3.312037
0.007420000,3.277016
0.007425000,3.313232
0.007430000,3.312914
0.007435000,3.297542
0.007440000,3.266359
0.007445000,3.306048
0.007450000,3.306599
0.007455000,3.314050
0.007460000,3.331714
0.007465000,3.307411
0.007470000,3.297578
0.007475000,3.298015
0.007480000,3.304192
0.007485000,3.306172
0.007490000,3.299532
0.007495000,3.305762
0.007500000,3.308034
0.007505000,3.237857
0.007510000,2.673622
0.007515000,2.153821
0.007520000,1.622587
0.007525000,1.094248
0.007530000,0.495998
0.007535000,0.018188
0.007540000,0.026520
0.007545000,0.038152
0.007550000,0.029655
0.007555000,0.006351
0.007560000,0.017558
0.007565000,0.022694
0.007570000,0.044139
0.007575000,0.003401
0.007580000,0.020080
0.007585000,0.026864
0.007590000,0.021775
0.007595000,-0.017994
0.007600000,0.001140
0.007605000,0.013678
0.007610000,0.021929
0.007615000,0.019818
0.007620000,0.005303
0.007625000,0.034724
0.007630000,0.010361
0.007635000,0.040844
0.007640000,0.014385
0.007645000,-0.001569
0.007650000,0.041784
0.007655000,0.018791
0.007660000,0.035623
0.007665000,0.004663
0.007670000,0.028933
0.007675000,0.024650
0.007680000,0.034881
0.007685000,-0.017634
0.007690000,0.001164
0.007695000,0.038376
0.007700000,0.031963
0.007705000,0.015454
0.007710000,0.027571
0.007715000,0.042821
0.007720000,0.021235
0.007725000,0.010535
0.007730000,-0.001610
0.007735000,0.015563
0.007740000,0.004438
0.007745000,-0.016547
0.007750000,0.009691
0.007755000,0.019238
0.007760000,0.038930
0.007765000,0.020990
0.007770000,0.020409
0.007775000,0.016339
0.007780000,0.026921
0.007785000,0.019589
0.007790000,0.043024
0.007795000,-0.002743
0.007800000,0.016546
0.007805000,0.025172
0.007810000,0.010650
0.007815000,0.015032
0.007820000,0.012843
0.007825000,0.007648
0.007830000,0.021785
0.007835000,0.024339
0.007840000,-0.007843
0.007845000,0.011178
0.007850000,0.037287
0.007855000,0.019852
0.007860000,0.020485
0.007865000,0.026669
0.007870000,0.027455
0.007875000,0.070570
0.007880000,0.001757
0.007885000,0.035960
0.007890000,0.028991
0.007895000,0.011435
0.007900000,0.054439
0.007905000,0.027361
0.007910000,0.019361
0.007915000,0.029748
0.007920000,0.015588
0.007925000,0.010093
0.007930000,0.025780
0.007935000,0.037275
0.007940000,0.001129
0.007945000,-0.000275
0.007950000,0.010521
0.007955000,0.008738
0.007960000,-0.003380
0.007965000,-0.006441
0.007970000,0.009676
0.007975000,0.008736
0.007980000,0.016139
0.007985000,0.006241
0.007990000,0.018859
0.007995000,0.020017
0.008000000,0.029152
0.008005000,0.038863
0.008010000,0.000819
0.008015000,0.026285
0.008020000,0.018067
0.008025000,0.014330
0.008030000,0.048982
0.008035000,0.031928
0.008040000,0.038986
0.008045000,0.033314
0.008050000,0.026887
0.008055000,0.021233
0.008060000,0.011638
0.008065000,0.010228
0.008070000,0.012172
0.008075000,0.014166
0.008080000,0.027595
0.008085000,0.019940
0.008090000,0.024446
0.008095000,-0.018392
0.008100000,-0.000935
0.008105000,0.379901
0.008110000,1.028672
0.008115000,1.701164
0.008120000,2.335776
0.008125000,2.982461
0.008130000,3.301990
0.008135000,3.311793
0.008140000,3.284631
0.008145000,3.312913
0.008150000,3.306276
0.008155000,3.299666
0.008160000,3.268957
0.008165000,3.288925
0.008170000,3.328282
0.008175000,3.293089
0.008180000,3.298778
0.008185000,3.299777
0.008190000,3.312783
0.008195000,3.313455
0.008200000,3.307091
0.008205000,3.298375
0.008210000,3.271205
0.008215000,3.304922
0.008220000,3.285828
0.008225000,3.264924
0.008230000,3.299787
0.008235000,3.282651
0.008240000,3.285971
0.008245000,3.318662
0.008250000,3.292059
0.008255000,3.325476
0.008260000,3.289938
0.008265000,3.324961
0.008270000,3.301161
0.008275000,3.286543
0.008280000,3.297224
0.008285000,3.284538
0.008290000,3.288213
0.008295000,3.322306
0.008300000,3.284732
0.008305000,3.307999
0.008310000,3.289057
0.008315000,3.294784
0.008320000,3.298323
0.008325000,3.294572
0.008330000,3.298010
0.008335000,3.291910
0.008340000,3.299182
0.008345000,3.273706
0.008350000,3.315110
0.008355000,3.327014
0.008360000,3.319075
0.008365000,3.299299
0.008370000,3.289805
0.008375000,3.304996
0.008380000,3.318184
0.008385000,3.315625
0.008390000,3.288262
0.008395000,3.270621
0.008400000,3.274288
0.008405000,3.274677
0.008410000,3.290793
0.008415000,3.283841
0.008420000,3.310278
0.008425000,3.294334
0.008430000,3.293803
0.008435000,3.306903
0.008440000,3.324016
0.008445000,3.298696
0.008450000,3.306095
0.008455000,3.311971
0.008460000,3.296214
0.008465000,3.301791
0.008470000,3.294377
0.008475000,3.317783
0.008480000,3.297697
0.008485000,3.287381
0.008490000,3.321596
0.008495000,3.290922
0.008500000,3.210111
0.008505000,2.652566
0.008510000,2.115793
0.008515000,1.579671
0.008520000,1.020448
0.008525000,0.493475
0.008530000,0.025880
0.008535000,0.035420
0.008540000,0.025717
0.008545000,0.005854
0.008550000,0.017823
0.008555000,0.016246
0.008560000,0.017357
0.008565000,0.027188
0.008570000,-0.007335
0.008575000,0.021953
0.008580000,0.037123
0.008585000,0.031238
0.008590000,0.015899
0.008595000,0.053559
0.008600000,0.017233
0.008605000,0.028186
0.008610000,0.039123
0.008615000,0.023366
0.008620000,0.008702
0.008625000,0.003172
0.008630000,0.007516
0.008635000,0.032354
0.008640000,0.028126
0.008645000,0.024783
0.008650000,0.021194
0.008655000,0.021536
0.008660000,0.010823
0.008665000,0.023958
0.008670000,0.021517
0.008675000,0.051663
0.008680000,0.020532
0.008685000,0.028599
0.008690000,0.007946
0.008695000,-0.000001
0.008700000,0.024701
0.008705000,0.000485
0.008710000,0.000517
0.008715000,-0.002379
0.008720000,-0.000618
0.008725000,0.041891
0.008730000,0.026703
0.008735000,0.013415
0.008740000,0.032220
0.008745000,0.014609
0.008750000,0.012316
0.008755000,0.015757
0.008760000,0.032298
0.008765000,0.011996
0.008770000,0.005703
0.008775000,0.019766
0.008780000,0.028103
0.008785000,0.032613
0.008790000,0.012806
0.008795000,0.039673
0.008800000,0.004718
0.008805000,-0.007814
0.008810000,0.043918
0.008815000,0.002688
0.008820000,0.022948
0.008825000,0.041237
0.008830000,-0.007486
0.008835000,0.018303
0.008840000,-0.000242
0.008845000,-0.006407
0.008850000,0.021513
0.008855000,0.014376
0.008860000,0.056094
0.008865000,0.010430
0.008870000,0.040165
0.008875000,0.041788
0.008880000,0.019369
0.008885000,0.023889
0.008890000,0.017493
0.008895000,0.008209
0.008900000,0.027560
0.008905000,0.014547
0.008910000,0.003810
0.008915000,0.026553
0.008920000,0.022377
0.008925000,0.019342
0.008930000,0.021745
0.008935000,0.025398
0.008940000,0.019530
0.008945000,0.024827
0.008950000,0.036311
0.008955000,0.015103
0.008960000,0.013816
0.008965000,-0.005353
0.008970000,0.018828
0.008975000,-0.014147
0.008980000,0.022618
0.008985000,0.011772
0.008990000,0.011941
0.008995000,0.022408
0.009000000,0.023645
0.009005000,0.007114
0.009010000,0.008464
0.009015000,0.033650
0.009020000,0.013204
0.009025000,0.028942
0.009030000,0.040388
0.009035000,0.017502
0.009040000,0.018394
0.009045000,0.028607
0.009050000,0.019852
0.009055000,0.017052
0.009060000,-0.005981
0.009065000,0.032723
0.009070000,0.002310
0.009075000,-0.000751
0.009080000,0.012276
0.009085000,-0.011601
0.009090000,0.023970
0.009095000,0.013301
0.009100000,0.005130
0.009105000,0.307604
0.009110000,0.957964
0.009115000,1.616329
0.009120000,2.266221
0.009125000,2.906033
0.009130000,3.316721
0.009135000,3.309473
0.009140000,3.282041
0.009145000,3.289564
0.009150000,3.298084
0.009155000,3.273221
0.009160000,3.293041
0.009165000,3.323796
0.009170000,3.318867
0.009175000,3.295444
0.009180000,3.299208
0.009185000,3.323221
0.009190000,3.288105
0.009195000,3.316982
0.009200000,3.309286
0.009205000,3.316693
0.009210000,3.307817
0.009215000,3.285813
0.009220000,3.291507
0.009225000,3.288257
0.009230000,3.295523
0.009235000,3.296126
0.009240000,3.282397
0.009245000,3.294428
0.009250000,3.293244
0.009255000,3.275287
0.009260000,3.310683
0.009265000,3.307647
0.009270000,3.315239
0.009275000,3.309331
0.009280000,3.316275
0.009285000,3.294076
0.009290000,3.301449
0.009295000,3.305545
0.009300000,3.302377
0.009305000,3.312110
0.009310000,3.274986
0.009315000,3.297051
0.009320000,3.308963
0.009325000,3.285365
0.009330000,3.299944
0.009335000,3.313417
0.009340000,3.288986
0.009345000,3.273210
0.009350000,3.286810
0.009355000,3.306321
0.009360000,3.301372
0.009365000,3.302606
0.009370000,3.305200
0.009375000,3.316199
0.009380000,3.297987
0.009385000,3.311383
0.009390000,3.321238
0.009395000,3.278689
0.009400000,3.285483
0.009405000,3.292456
0.009410000,3.283181
0.009415000,3.287006
0.009420000,3.299694
0.009425000,3.301968
0.009430000,3.287159
0.009435000,3.282047
0.009440000,3.329789
0.009445000,3.300301
0.009450000,3.291490
0.009455000,3.302296
0.009460000,3.308107
0.009465000,3.273323
0.009470000,3.293035
0.009475000,3.294581
0.009480000,3.306421
0.009485000,3.265301
0.009490000,3.307358
0.009495000,3.279498
0.009500000,3.318171
0.009505000,3.100502
0.009510000,2.547922
0.009515000,1.952416
0.009520000,1.426094
0.009525000,0.889718
0.009530000,0.332823
0.009535000,0.050231
0.009540000,0.012428
0.009545000,0.021811
0.009550000,0.030081
0.009555000,0.030622
0.009560000,0.022948
0.009565000,0.018768
0.009570000,0.002561
0.009575000,0.013128
0.009580000,0.005726
0.009585000,0.006024
0.009590000,0.038202
0.009595000,0.031152
0.009600000,0.031400
0.009605000,0.014557
0.009610000,0.031106
0.009615000,0.007255
0.009620000,0.012316
0.009625000,0.030034
0.009630000,0.038278
0.009635000,-0.005989
0.009640000,0.016659
0.009645000,0.016936
0.009650000,0.030047
0.009655000,-0.007209
0.009660000,0.033176
0.009665000,0.045673
0.009670000,0.029940
0.009675000,0.040001
0.009680000,0.016590
0.009685000,-0.010860
0.009690000,0.032028
0.009695000,0.039076
0.009700000,0.025580
0.009705000,0.006129
0.009710000,-0.000231
0.009715000,0.005551
0.009720000,0.014642
0.009725000,0.011317
0.009730000,0.009410
0.009735000,0.057025
0.009740000,0.006421
0.009745000,0.009013
0.009750000,0.000945
0.009755000,0.010516
0.009760000,-0.013092
0.009765000,0.021509
0.009770000,0.007025
0.009775000,0.049806
0.009780000,0.038891
0.009785000,0.039816
0.009790000,0.018558
0.009795000,0.021874
0.009800000,0.017630
0.009805000,0.004643
0.009810000,0.018405
0.009815000,0.028915
0.009820000,0.013463
0.009825000,0.017865
0.009830000,0.026375
0.009835000,0.031762
0.009840000,0.025814
0.009845000,0.022948
0.009850000,0.020017
0.009855000,0.041484
0.009860000,0.017728
0.009865000,0.036521
0.009870000,-0.001365
0.009875000,0.014992
0.009880000,-0.006028
0.009885000,0.037939
0.009890000,0.031446
0.009895000,0.024937
0.009900000,0.027565
0.009905000,0.000140
0.009910000,0.028987
0.009915000,0.040922
0.009920000,0.010669
0.009925000,0.013770
0.009930000,0.009856
0.009935000,0.018857
0.009940000,0.026123
0.009945000,0.006213
0.009950000,0.051329
0.009955000,0.015001
0.009960000,0.006777
0.009965000,0.023762
0.009970000,0.019192
0.009975000,0.032891
0.009980000,0.011553
0.009985000,0.024480
0.009990000,0.002908
0.009995000,0.031861
0.010000000,0.000392
0.010005000,-0.006829
0.010010000,0.023462
0.010015000,-0.006281
0.010020000,-0.004563
0.010025000,0.032228
0.010030000,0.036104
0.010035000,0.014925
0.010040000,0.049879
0.010045000,0.016376
0.010050000,0.010589
0.010055000,0.013425
0.010060000,0.003212
0.010065000,0.003060
0.010070000,0.033061
0.010075000,0.012137
0.010080000,-0.004854
0.010085000,0.014091
0.010090000,0.054079
0.010095000,0.022669
0.010100000,0.023772
0.010105000,0.167062
0.010110000,0.798310
0.010115000,1.487208
0.010120000,2.141649
0.010125000,2.810089
0.010130000,3.267348
0.010135000,3.295744
0.010140000,3.266116
0.010145000,3.290003
0.010150000,3.308955
0.010155000,3.293302
0.010160000,3.313845
0.010165000,3.317243
0.010170000,3.317214
0.010175000,3.298240
0.010180000,3.277265
0.010185000,3.293275
0.010190000,3.314686
0.010195000,3.342381
0.010200000,3.287272
0.010205000,3.305035
0.010210000,3.308025
0.010215000,3.291418
0.010220000,3.289013
0.010225000,3.310060
0.010230000,3.306673
0.010235000,3.285483
0.010240000,3.318723
0.010245000,3.317682
0.010250000,3.300875
0.010255000,3.304590
0.010260000,3.300700
0.010265000,3.301994
0.010270000,3.323491
0.010275000,3.286610
0.010280000,3.299198
0.010285000,3.299199
0.010290000,3.275517
0.010295000,3.328335
0.010300000,3.305221
0.010305000,3.298832
0.010310000,3.286843
0.010315000,3.292015
0.010320000,3.280624
0.010325000,3.297065
0.010330000,3.286753
0.010335000,3.309828
0.010340000,3.289889
0.010345000,3.304647
0.010350000,3.300555
0.010355000,3.301284
0.010360000,3.309657
0.010365000,3.284215
0.010370000,3.281391
0.010375000,3.259566
0.010380000,3.276670
0.010385000,3.298408
0.010390000,3.293969
0.010395000,3.287328
0.010400000,3.291269
0.010405000,3.308671
0.010410000,3.334917
0.010415000,3.298327
0.010420000,3.304526
0.010425000,3.314116
0.010430000,3.316172
0.010435000,3.316772
0.010440000,3.297188
0.010445000,3.301058
0.010450000,3.316388
0.010455000,3.291345
0.010460000,3.301022
0.010465000,3.276726
0.010470000,3.272385
0.010475000,3.290715
0.010480000,3.282913
0.010485000,3.296433
0.010490000,3.303440
0.010495000,3.322157
0.010500000,3.310200
0.010505000,3.295479
0.010510000,2.844317
0.010515000,2.294546
0.010520000,1.757305
0.010525000,1.217995
0.010530000,0.652274
0.010535000,0.108896
0.010540000,0.050007
0.010545000,0.014966
0.010550000,0.034032
0.010555000,0.009162
0.010560000,0.009095
0.010565000,0.006250
0.010570000,0.025526
0.010575000,0.019008
0.010580000,-0.015112
0.010585000,0.018220
0.010590000,0.019690
0.010595000,0.013685
0.010600000,0.024927
0.010605000,0.003183
0.010610000,0.033684
0.010615000,-0.001806
0.010620000,0.040004
0.010625000,0.005502
0.010630000,0.027373
0.010635000,0.040938
0.010640000,0.012645
0.010645000,-0.002392
0.010650000,0.014044
0.010655000,0.033662
0.010660000,0.015018
0.010665000,0.011122
0.010670000,0.035893
0.010675000,0.038057
0.010680000,0.043368
0.010685000,0.001417
0.010690000,0.018471
0.010695000,0.023908
0.010700000,0.020979
0.010705000,0.032294
0.010710000,0.005918
0.010715000,0.030007
0.010720000,0.014202
0.010725000,-0.016583
0.010730000,0.028692
0.010735000,0.031678
0.010740000,-0.002992
0.010745000,0.054903
0.010750000,0.039423
0.010755000,0.027991
0.010760000,0.039145
0.010765000,0.017173
0.010770000,0.019002
0.010775000,0.025076
0.010780000,0.027393
0.010785000,0.019536
0.010790000,0.032114
0.010795000,0.036254
0.010800000,0.005651
0.010805000,0.053801
0.010810000,-0.003617
0.010815000,0.020419
0.010820000,0.025346
0.010825000,0.029259
0.010830000,0.058475
0.010835000,-0.006433
0.010840000,0.029486
0.010845000,0.024786
0.010850000,0.050112
0.010855000,0.030429
0.010860000,0.036950
0.010865000,-0.003301
0.010870000,0.030957
0.010875000,0.040815
0.010880000,0.032613
0.010885000,0.020178
0.010890000,0.016472
0.010895000,0.003685
0.010900000,0.019981
0.010905000,0.030799
0.010910000,0.006290
0.010915000,-0.001079
0.010920000,-0.008832
0.010925000,0.017783
0.010930000,0.001388
0.010935000,0.009189
0.010940000,-0.006576
0.010945000,0.037388
0.010950000,0.001409
0.010955000,0.031932
0.010960000,0.030353
0.010965000,0.008292
0.010970000,0.042672
0.010975000,-0.016808
0.010980000,0.042683
0.010985000,-0.003929
0.010990000,0.031582
0.010995000,0.021834
0.011000000,0.014081
0.011005000,0.012473
0.011010000,0.006192
0.011015000,0.026020
0.011020000,0.013056
0.011025000,0.032887
0.011030000,0.027411
0.011035000,0.056163
0.011040000,0.043457
0.011045000,0.024263
0.011050000,0.026187
0.011055000,0.043892
0.011060000,0.036270
0.011065000,0.003713
0.011070000,0.043892
0.011075000,0.014985
0.011080000,0.028281
0.011085000,0.012511
0.011090000,0.007598
0.011095000,0.004253
0.011100000,0.017560
0.011105000,0.483430
0.011110000,1.134744
0.011115000,1.788932
0.011120000,2.466610
0.011125000,3.066491
0.011130000,3.346217
0.011135000,3.310779
0.011140000,3.296972
0.011145000,3.295053
0.011150000,3.296708
0.011155000,3.283712
0.011160000,3.309124
0.011165000,3.315226
0.011170000,3.288237
0.011175000,3.286760
0.011180000,3.323571
0.011185000,3.312797
0.011190000,3.301874
0.011195000,3.298822
0.011200000,3.270927
0.011205000,3.306448
0.011210000,3.298639
0.011215000,3.280311
0.011220000,3.325169
0.011225000,3.326156
0.011230000,3.294377
0.011235000,3.301050
0.011240000,3.302898
0.011245000,3.269858
0.011250000,3.309522
0.011255000,3.311481
0.011260000,3.309097
0.011265000,3.284146
0.011270000,3.343173
0.011275000,3.284773
0.011280000,3.315060
0.011285000,3.294495
0.011290000,3.296694
0.011295000,3.275776
0.011300000,3.291471
0.011305000,3.286688
0.011310000,3.278250
0.011315000,3.272298
0.011320000,3.291040
0.011325000,3.281681
0.011330000,3.291219
0.011335000,3.289523
0.011340000,3.320613
0.011345000,3.284937
0.011350000,3.306719
0.011355000,3.324954
0.011360000,3.278963
0.011365000,3.322673
0.011370000,3.327680
0.011375000,3.301275
0.011380000,3.301318
0.011385000,3.309458
0.011390000,3.288970
0.011395000,3.288523
0.011400000,3.307882
0.011405000,3.317086
0.011410000,3.281982
0.011415000,3.312400
0.011420000,3.269514
0.011425000,3.295354
0.011430000,3.321762
0.011435000,3.312142
0.011440000,3.325483
0.011445000,3.310800
0.011450000,3.278118
0.011455000,3.319935
0.011460000,3.301344
0.011465000,3.307275
0.011470000,3.263914
0.011475000,3.293867
0.011480000,3.288456
0.011485000,3.285756
0.011490000,3.286550
0.011495000,3.296624
0.011500000,3.262604
0.011505000,2.703763
0.011510000,2.192396
0.011515000,1.626130
0.011520000,1.105797
0.011525000,0.549151
0.011530000,0.004884
0.011535000,0.020812
0.011540000,0.044620
0.011545000,0.007846
0.011550000,0.017298
0.011555000,0.025277
0.011560000,0.034609
0.011565000,0.029775
0.011570000,0.041975
0.011575000,0.015215
0.011580000,0.022823
0.011585000,0.022428
0.011590000,0.033866
0.011595000,0.022067
0.011600000,0.011658
0.011605000,0.019071
0.011610000,0.013097
0.011615000,0.036100
0.011620000,0.019033
0.011625000,0.015480
0.011630000,0.023593
0.011635000,0.018587
0.011640000,0.005466
0.011645000,0.040064
0.011650000,0.017884
0.011655000,-0.007553
0.011660000,0.010433
0.011665000,0.043959
0.011670000,0.039216
0.011675000,0.005874
0.011680000,0.042552
0.011685000,0.007444
0.011690000,0.013314
0.011695000,0.021333
0.011700000,-0.003055
0.011705000,0.009472
0.011710000,-0.010726
0.011715000,0.039065
0.011720000,0.017274
0.011725000,-0.001675
0.011730000,-0.002914
0.011735000,-0.001775
0.011740000,0.023613
0.011745000,0.016100
0.011750000,0.016364
0.011755000,0.034810
0.011760000,0.008842
0.011765000,0.037371
0.011770000,0.026270
0.011775000,0.020174
0.011780000,-0.015477
0.011785000,0.015646
0.011790000,0.026847
0.011795000,0.006839
0.011800000,0.013346
0.011805000,0.040944
0.011810000,0.008718
0.011815000,0.037634
0.011820000,0.030693
0.011825000,0.039834
0.011830000,-0.001599
0.011835000,0.009997
0.011840000,0.026377
0.011845000,0.018877
0.011850000,0.007484
0.011855000,0.035895
0.011860000,0.001267
0.011865000,0.039794
0.011870000,0.010301
0.011875000,0.009458
0.011880000,0.007753
0.011885000,0.022116
0.011890000,0.022858
0.011895000,0.010313
0.011900000,-0.000827
0.011905000,0.002303
0.011910000,0.009342
0.011915000,0.017425
0.011920000,0.025919
0.011925000,0.012458
0.011930000,0.027606
0.011935000,0.017807
0.011940000,0.012849
0.011945000,0.019840
0.011950000,0.053783
0.011955000,0.034500
0.011960000,-0.001553
0.011965000,0.021795
0.011970000,0.009339
0.011975000,0.023514
0.011980000,-0.004430
0.011985000,0.055386
0.011990000,0.027827
0.011995000,0.018283
0.012000000,-0.001723
0.012005000,0.042002
0.012010000,0.001056
0.012015000,0.039788
0.012020000,0.021845
0.012025000,0.042932
0.012030000,0.040320
0.012035000,0.020238
0.012040000,-0.028917
0.012045000,0.043224
0.012050000,0.024559
0.012055000,0.041135
0.012060000,0.030872
0.012065000,0.006574
0.012070000,0.038820
0.012075000,0.003417
0.012080000,0.029017
0.012085000,0.022427
0.012090000,0.036965
0.012095000,0.042569
0.012100000,0.079254
0.012105000,0.761617
0.012110000,1.370266
0.012115000,2.074119
0.012120000,2.712860
0.012125000,3.311618
0.012130000,3.288649
0.012135000,3.322809
0.012140000,3.299456
0.012145000,3.286820
0.012150000,3.279292
0.012155000,3.291864
0.012160000,3.270090
0.012165000,3.289719
0.012170000,3.303916
0.012175000,3.307210
0.012180000,3.304464
0.012185000,3.296798
0.012190000,3.298413
0.012195000,3.305037
0.012200000,3.296521
0.012205000,3.284200
0.012210000,3.283120
0.012215000,3.276032
0.012220000,3.281705
0.012225000,3.278535
0.012230000,3.312815
0.012235000,3.291243
0.012240000,3.278049
0.012245000,3.287645
0.012250000,3.311576
0.012255000,3.270569
0.012260000,3.318765
0.012265000,3.305557
0.012270000,3.283865
0.012275000,3.290158
0.012280000,3.301155
0.012285000,3.291684
0.012290000,3.306218
0.012295000,3.299620
0.012300000,3.286759
0.012305000,3.297779
0.012310000,3.293553
0.012315000,3.294008
0.012320000,3.285958
0.012325000,3.274300
0.012330000,3.282278
0.012335000,3.297641
0.012340000,3.321538
0.012345000,3.293169
0.012350000,3.312631
0.012355000,3.298079
0.012360000,3.308415
0.012365000,3.295693
0.012370000,3.308643
0.012375000,3.246125
0.012380000,3.278512
0.012385000,3.297783
0.012390000,3.297877
0.012395000,3.308811
0.012400000,3.291482
0.012405000,3.304679
0.012410000,3.314278
0.012415000,3.301397
0.012420000,3.306422
0.012425000,3.295081
0.012430000,3.301238
0.012435000,3.305777
0.012440000,3.290922
0.012445000,3.309809
0.012450000,3.285255
0.012455000,3.286810
0.012460000,3.300250
0.012465000,3.278957
0.012470000,3.279179
0.012475000,3.293798
0.012480000,3.300249
0.012485000,3.286881
0.012490000,3.293838
0.012495000,3.313161
0.012500000,2.780235
0.012505000,2.289361
0.012510000,1.683281
0.012515000,1.164954
0.012520000,0.595045
0.012525000,0.061768
0.012530000,0.008614
0.012535000,-0.004901
0.012540000,0.028561
0.012545000,0.041491
0.012550000,0.013231
0.012555000,0.019851
0.012560000,0.023390
0.012565000,0.005062
0.012570000,0.009616
0.012575000,-0.011813
0.012580000,0.038532
0.012585000,-0.005681
0.012590000,0.027750
0.012595000,0.031136
0.012600000,0.047454
0.012605000,0.024383
0.012610000,0.030138
0.012615000,0.034640
0.012620000,0.035964
0.012625000,-0.008503
0.012630000,0.055244
0.012635000,0.017580
0.012640000,0.029867
0.012645000,0.019095
0.012650000,0.018632
0.012655000,0.008263
0.012660000,0.045634
0.012665000,0.032329
0.012670000,0.018594
0.012675000,0.042265
0.012680000,0.000135
0.012685000,0.038530
0.012690000,0.013996
0.012695000,0.024569
0.012700000,0.017063
0.012705000,0.037025
0.012710000,0.027834
0.012715000,0.030790
0.012720000,0.019979
0.012725000,0.040169
0.012730000,0.034713
0.012735000,0.014250
0.012740000,0.032400
0.012745000,0.027828
0.012750000,0.015101
0.012755000,-0.005237
0.012760000,0.019073
0.012765000,0.041197
0.012770000,0.044628
0.012775000,-0.009839
0.012780000,0.019373
0.012785000,0.012340
0.012790000,0.026755
0.012795000,0.017400
0.012800000,0.011215
0.012805000,0.019605
0.012810000,0.040359
0.012815000,0.026869
0.012820000,0.038821
0.012825000,0.046655
0.012830000,0.013743
0.012835000,0.021248
0.012840000,0.010206
0.012845000,0.025970
0.012850000,-0.017001
0.012855000,0.017331
0.012860000,-0.001835
0.012865000,0.022931
0.012870000,0.009803
0.012875000,0.011009
0.012880000,0.022799
0.012885000,0.007057
0.012890000,0.023987
0.012895000,0.049082
0.012900000,0.018962
0.012905000,0.015280
0.012910000,-0.006714
0.012915000,0.010742
0.012920000,0.011494
0.012925000,0.030088
0.012930000,0.024426
0.012935000,0.019316
0.012940000,0.034843
0.012945000,0.046378
0.012950000,0.014888
0.012955000,0.023814
0.012960000,0.038294
0.012965000,0.004397
0.012970000,0.012720
0.012975000,0.021402
0.012980000,0.019299
0.012985000,0.039691
0.012990000,0.007645
0.012995000,0.033417
0.013000000,0.009824
0.013005000,0.039199
0.013010000,0.040413
0.013015000,0.019049
0.013020000,0.013965
0.013025000,0.016933
0.013030000,0.022246
0.013035000,0.002959
0.013040000,0.023809
0.013045000,0.037872
0.013050000,0.008973
0.013055000,0.021856
0.013060000,0.005237
0.013065000,-0.017948
0.013070000,0.020896
0.013075000,0.022675
0.013080000,0.018135
0.013085000,-0.002521
0.013090000,0.017720
0.013095000,0.012704
0.013100000,0.293288
0.013105000,0.950945
0.013110000,1.605457
0.013115000,2.264220
0.013120000,2.927626
0.013125000,3.309561
0.013130000,3.286285
0.013135000,3.281924
0.013140000,3.295116
0.013145000,3.296939
0.013150000,3.286567
0.013155000,3.309053
0.013160000,3.273766
0.013165000,3.274399
0.013170000,3.316689
0.013175000,3.316842
0.013180000,3.308625
0.013185000,3.303074
0.013190000,3.301908
0.013195000,3.297903
0.013200000,3.303945
0.013205000,3.300464
0.013210000,3.290095
0.013215000,3.288444
0.013220000,3.290942
0.013225000,3.290180
0.013230000,3.292697
0.013235000,3.277706
0.013240000,3.295557
0.013245000,3.277916
0.013250000,3.281023
0.013255000,3.317992
0.013260000,3.298791
0.013265000,3.303008
0.013270000,3.295503
0.013275000,3.325694
0.013280000,3.314425
0.013285000,3.297045
0.013290000,3.305580
0.013295000,3.307060
0.013300000,3.269797
0.013305000,3.287437
0.013310000,3.271334
0.013315000,3.300730
0.013320000,3.300456
0.013325000,3.294953
0.013330000,3.304891
0.013335000,3.293560
0.013340000,3.299357
0.013345000,3.306807
0.013350000,3.320418
0.013355000,3.328487
0.013360000,3.300924
0.013365000,3.276044
0.013370000,3.287700
0.013375000,3.315486
0.013380000,3.303416
0.013385000,3.283881
0.013390000,3.309452
0.013395000,3.297241
0.013400000,3.269999
0.013405000,3.288250
0.013410000,3.268846
0.013415000,3.273089
0.013420000,3.300787
0.013425000,3.300675
0.013430000,3.319330
0.013435000,3.293193
0.013440000,3.323258
0.013445000,3.291783
0.013450000,3.320552
0.013455000,3.278249
0.013460000,3.300455
0.013465000,3.311046
0.013470000,3.308419
0.013475000,3.285497
0.013480000,3.307863
0.013485000,3.294590
0.013490000,3.276008
0.013495000,3.157366
0.013500000,2.626470
0.013505000,2.093330
0.013510000,1.534342
0.013515000,0.993663
0.013520000,0.440017
0.013525000,0.021411
0.013530000,0.031655
0.013535000,0.028334
0.013540000,0.022926
0.013545000,0.033616
0.013550000,0.029320
0.013555000,0.019997
0.013560000,0.025751
0.013565000,0.021368
0.013570000,0.031536
0.013575000,0.022131
0.013580000,0.061420
0.013585000,0.007149
0.013590000,0.018623
0.013595000,0.014956
0.013600000,0.011562
0.013605000,0.020979
0.013610000,0.032139
0.013615000,0.012043
0.013620000,0.035310
0.013625000,0.026934
0.013630000,0.032788
0.013635000,0.008869
0.013640000,0.012445
0.013645000,0.012810
0.013650000,0.019260
0.013655000,0.027407
0.013660000,0.043549
0.013665000,0.007585
0.013670000,0.023549
0.013675000,0.008267
0.013680000,0.016979
0.013685000,0.029925
0.013690000,-0.003427
0.013695000,-0.005038
0.013700000,-0.000754
0.013705000,0.041826
0.013710000,0.015975
0.013715000,-0.000473
0.013720000,0.059198
0.013725000,0.032506
0.013730000,0.017875
0.013735000,0.013529
0.013740000,0.020969
0.013745000,0.004220
0.013750000,0.019386
0.013755000,0.027900
0.013760000,0.001235
0.013765000,0.012811
0.013770000,0.044134
0.013775000,0.003922
0.013780000,0.035440
0.013785000,0.004615
0.013790000,0.012581
0.013795000,0.032471
0.013800000,0.029000
0.013805000,0.004182
0.013810000,0.027652
0.013815000,-0.001950
0.013820000,0.026073
0.013825000,0.029186
0.013830000,0.019015
0.013835000,0.000501
0.013840000,0.007523
0.013845000,0.013487
0.013850000,0.034588
0.013855000,0.029109
0.013860000,0.021300
0.013865000,0.035788
0.013870000,-0.004080
0.013875000,0.012234
0.013880000,0.015130
0.013885000,-0.004788
0.013890000,0.008505
0.013895000,0.034399
0.013900000,0.022934
0.013905000,0.049103
0.013910000,0.018511
0.013915000,0.023946
0.013920000,0.022799
0.013925000,0.018336
0.013930000,0.010172
0.013935000,0.021219
0.013940000,0.022310
0.013945000,0.032834
0.013950000,0.004187
0.013955000,0.037061
0.013960000,-0.015490
0.013965000,0.009627
0.013970000,0.032582
0.013975000,0.024559
0.013980000,0.019211
0.013985000,0.021057
0.013990000,0.031031
0.013995000,0.005391
0.014000000,0.019899
0.014005000,0.004525
0.014010000,0.032199
0.014015000,0.016989
0.014020000,0.031551
0.014025000,-0.000911
0.014030000,0.022054
0.014035000,0.020932
0.014040000,-0.000828
0.014045000,0.032061
0.014050000,0.029858
0.014055000,0.040926
0.014060000,0.024414
0.014065000,0.023489
0.014070000,-0.003297
0.014075000,0.028069
0.014080000,0.051476
0.014085000,0.025558
0.014090000,0.014251
0.014095000,0.004583
0.014100000,0.660999
0.014105000,1.315430
0.014110000,1.978350
0.014115000,2.597268
0.014120000,3.286252
0.014125000,3.298295
0.014130000,3.324010
0.014135000,3.285836
0.014140000,3.283404
0.014145000,3.305177
0.014150000,3.298688
0.014155000,3.301921
0.014160000,3.314108
0.014165000,3.309324
0.014170000,3.298078
0.014175000,3.299788
0.014180000,3.298047
0.014185000,3.279508
0.014190000,3.301825
0.014195000,3.279107
0.014200000,3.313397
0.014205000,3.304435
0.014210000,3.304178
0.014215000,3.287876
0.014220000,3.268708
0.014225000,3.314909
0.014230000,3.286467
0.014235000,3.309989
0.014240000,3.295418
0.014245000,3.294975
0.014250000,3.306176
0.014255000,3.284363
0.014260000,3.300949
0.014265000,3.321941
0.014270000,3.334255
0.014275000,3.254314
0.014280000,3.300089
0.014285000,3.302997
0.014290000,3.338096
0.014295000,3.307925
0.014300000,3.274414
0.014305000,3.317098
0.014310000,3.318711
0.014315000,3.268326
0.014320000,3.298295
0.014325000,3.282515
0.014330000,3.279870
0.014335000,3.333266
0.014340000,3.294373
0.014345000,3.281630
0.014350000,3.289043
0.014355000,3.321758
0.014360000,3.302775
0.014365000,3.331063
0.014370000,3.278102
0.014375000,3.310553
0.014380000,3.323648
0.014385000,3.324129
0.014390000,3.293902
0.014395000,3.277307
0.014400000,3.289464
0.014405000,3.320060
0.014410000,3.319730
0.014415000,3.324935
0.014420000,3.291847
0.014425000,3.295175
0.014430000,3.286161
0.014435000,3.293986
0.014440000,3.312302
0.014445000,3.295807
0.014450000,3.299619
0.014455000,3.307008
0.014460000,3.301955
0.014465000,3.301224
0.014470000,3.267788
0.014475000,3.291357
0.014480000,3.294087
0.014485000,3.274838
0.014490000,3.281755
0.014495000,3.325193
0.014500000,3.008910
0.014505000,2.473711
0.014510000,1.943155
0.014515000,1.379540
0.014520000,0.823866
0.014525000,0.273892
0.014530000,0.010482
0.014535000,0.004626
0.014540000,0.027444
0.014545000,0.029832
0.014550000,0.018811
0.014555000,0.047535
0.014560000,0.013552
0.014565000,0.003464
0.014570000,0.018730
0.014575000,-0.005592
0.014580000,0.032411
0.014585000,0.026844
0.014590000,0.021869
0.014595000,0.037961
0.014600000,0.021065
0.014605000,0.015780
0.014610000,0.013096
0.014615000,0.015679
0.014620000,0.032389
0.014625000,-0.023277
0.014630000,-0.008210
0.014635000,0.006122
0.014640000,0.013478
0.014645000,0.050433
0.014650000,0.031718
0.014655000,0.017596
0.014660000,0.026014
0.014665000,0.003381
0.014670000,0.020106
0.014675000,0.026137
0.014680000,0.021984
0.014685000,0.000686
0.014690000,0.015338
0.014695000,0.042635
0.014700000,0.013115
0.014705000,-0.002061
0.014710000,0.009698
0.014715000,0.010871
0.014720000,0.040197
0.014725000,0.026969
0.014730000,0.035717
0.014735000,0.019058
0.014740000,0.026746
0.014745000,0.036125
0.014750000,0.020980
0.014755000,-0.001264
0.014760000,0.029775
0.014765000,0.014443
0.014770000,0.003778
0.014775000,0.029542
0.014780000,-0.002784
0.014785000,0.023370
0.014790000,0.019688
0.014795000,0.020945
0.014800000,0.017043
0.014805000,0.034705
0.014810000,0.028629
0.014815000,0.015127
0.014820000,0.002099
0.014825000,0.019739
0.014830000,0.016621
0.014835000,0.005989
0.014840000,0.030032
0.014845000,0.035724
0.014850000,0.011232
0.014855000,0.019796
0.014860000,0.039721
0.014865000,0.028043
0.014870000,0.015359
0.014875000,0.035414
0.014880000,0.023868
0.014885000,0.014873
0.014890000,-0.003038
0.014895000,0.023630
0.014900000,0.001876
0.014905000,0.004029
0.014910000,0.028241
0.014915000,0.031588
0.014920000,0.032363
0.014925000,0.010153
0.014930000,0.038540
0.014935000,0.019319
0.014940000,0.040714
0.014945000,-0.006908
0.014950000,0.011358
0.014955000,0.018234
0.014960000,0.004259
0.014965000,0.043261
0.014970000,0.027195
0.014975000,0.061365
0.014980000,0.024091
0.014985000,0.002404
0.014990000,0.019552
0.014995000,0.017998
0.015000000,0.027461
0.015005000,0.018570
0.015010000,0.009570
0.015015000,0.023181
0.015020000,0.025047
0.015025000,0.006253
0.015030000,-0.004482
0.015035000,0.020752
0.015040000,0.025386
0.015045000,0.020488
0.015050000,0.004106
0.015055000,0.009652
0.015060000,0.015034
0.015065000,0.008777
0.015070000,0.043276
0.015075000,0.016117
0.015080000,0.013568
0.015085000,0.018017
0.015090000,0.032745
0.015095000,0.242839
0.015100000,0.858826
0.015105000,1.561458
0.015110000,2.192360
0.015115000,2.846556
0.015120000,3.314406
0.015125000,3.322292
0.015130000,3.309280
0.015135000,3.299030
0.015140000,3.305875
0.015145000,3.296045
0.015150000,3.313585
0.015155000,3.300925
0.015160000,3.316959
0.015165000,3.301512
0.015170000,3.277338
0.015175000,3.292210
0.015180000,3.253898
0.015185000,3.284541
0.015190000,3.321023
0.015195000,3.285256
0.015200000,3.310340
0.015205000,3.287167
0.015210000,3.313784
0.015215000,3.317111
0.015220000,3.325000
0.015225000,3.294309
0.015230000,3.317482
0.015235000,3.303944
0.015240000,3.279574
0.015245000,3.279312
0.015250000,3.264494
0.015255000,3.310707
0.015260000,3.267197
0.015265000,3.307243
0.015270000,3.301162
0.015275000,3.310494
0.015280000,3.305236
0.015285000,3.313395
0.015290000,3.282195
0.015295000,3.292280
0.015300000,3.279866
0.015305000,3.304594
0.015310000,3.300679
0.015315000,3.277967
0.015320000,3.306855
0.015325000,3.288172
0.015330000,3.330395
0.015335000,3.318287
0.015340000,3.304697
0.015345000,3.317871
0.015350000,3.315453
0.015355000,3.301984
0.015360000,3.301292
0.015365000,3.314805
0.015370000,3.317161
0.015375000,3.289228
0.015380000,3.299478
0.015385000,3.289998
0.015390000,3.277188
0.015395000,3.301865
0.015400000,3.311538
0.015405000,3.293335
0.015410000,3.286933
0.015415000,3.277699
0.015420000,3.282818
0.015425000,3.279804
0.015430000,3.306306
0.015435000,3.318433
0.015440000,3.307211
0.015445000,3.340495
0.015450000,3.307188
0.015455000,3.312352
0.015460000,3.298720
0.015465000,3.314458
0.015470000,3.290941
0.015475000,3.292037
0.015480000,3.283008
0.015485000,3.315784
0.015490000,3.288988
0.015495000,2.903938
0.015500000,2.357441
0.015505000,1.837801
0.015510000,1.264486
0.015515000,0.693253
0.015520000,0.207229
0.015525000,0.030337
0.015530000,0.006144
0.015535000,0.010070
0.015540000,0.036383
0.015545000,0.027112
0.015550000,0.021972
0.015555000,0.041512
0.015560000,0.044201
0.015565000,-0.021950
0.015570000,0.031306
0.015575000,0.021183
0.015580000,0.024469
0.015585000,0.043147
0.015590000,0.026463
0.015595000,0.015749
0.015600000,0.012778
0.015605000,0.039814
0.015610000,0.008304
0.015615000,0.009878
0.015620000,-0.019787
0.015625000,0.020872
0.015630000,0.030249
0.015635000,0.027916
0.015640000,0.012648
0.015645000,0.017610
0.015650000,0.023941
0.015655000,0.031390
0.015660000,0.032983
0.015665000,0.042724
0.015670000,0.019026
0.015675000,0.015550
0.015680000,0.011904
0.015685000,0.030938
0.015690000,0.021560
0.015695000,0.032146
0.015700000,0.037335
0.015705000,0.003483
0.015710000,0.013259
0.015715000,0.008062
0.015720000,0.037667
0.015725000,0.031259
0.015730000,0.019795
0.015735000,0.033896
0.015740000,0.000983
0.015745000,0.017641
0.015750000,0.026901
0.015755000,-0.002365
0.015760000,0.042681
0.015765000,0.003218
0.015770000,0.043169
0.015775000,0.017695
0.015780000,0.022677
0.015785000,-0.000447
0.015790000,0.010587
0.015795000,0.028317
0.015800000,0.036273
0.015805000,0.012270
0.015810000,0.022219
0.015815000,0.013544
0.015820000,0.013660
0.015825000,0.020085
0.015830000,-0.003353
0.015835000,0.032810
0.015840000,0.019863
0.015845000,0.019917
0.015850000,0.015741
0.015855000,0.000138
0.015860000,0.002866
0.015865000,0.023425
0.015870000,0.032370
0.015875000,0.006155
0.015880000,0.012864
0.015885000,0.003267
0.015890000,-0.011454
0.015895000,0.001407
0.015900000,0.027969
0.015905000,0.019963
0.015910000,0.002113
0.015915000,-0.001403
0.015920000,0.036132
0.015925000,0.020803
0.015930000,0.020740
0.015935000,0.019793
0.015940000,0.026683
0.015945000,0.014688
0.015950000,0.027492
0.015955000,0.031525
0.015960000,0.007112
0.015965000,0.031382
0.015970000,0.005062
0.015975000,0.045031
0.015980000,-0.007805
0.015985000,0.005367
0.015990000,0.024471
0.015995000,0.014871
0.016000000,0.042851
0.016005000,0.036447
0.016010000,0.012884
0.016015000,0.020569
0.016020000,0.031810
0.016025000,-0.001858
0.016030000,0.015687
0.016035000,0.035715
0.016040000,0.030265
0.016045000,0.009555
0.016050000,0.062439
0.016055000,0.011882
0.016060000,0.034410
0.016065000,0.018996
0.016070000,0.015234
0.016075000,0.015192
0.016080000,0.021820
0.016085000,0.005036
0.016090000,0.036001
0.016095000,0.025674
0.016100000,0.615919
0.016105000,1.266387
0.016110000,1.940586
0.016115000,2.576208
0.016120000,3.210219
0.016125000,3.281397
0.016130000,3.313591
0.016135000,3.262347
0.016140000,3.288790
0.016145000,3.305812
0.016150000,3.302599
0.016155000,3.305119
0.016160000,3.287892
0.016165000,3.287634
0.016170000,3.299192
0.016175000,3.311846
0.016180000,3.314348
0.016185000,3.307998
0.016190000,3.318877
0.016195000,3.317013
0.016200000,3.291663
0.016205000,3.284441
0.016210000,3.326834
0.016215000,3.280840
0.016220000,3.304256
0.016225000,3.272508
0.016230000,3.297771
0.016235000,3.298873
0.016240000,3.321325
0.016245000,3.293453
0.016250000,3.297345
0.016255000,3.311728
0.016260000,3.298894
0.016265000,3.313002
0.016270000,3.314078
0.016275000,3.306010
0.016280000,3.290544
0.016285000,3.291746
0.016290000,3.299888
0.016295000,3.291231
0.016300000,3.285202
0.016305000,3.308171
0.016310000,3.279347
0.016315000,3.292027
0.016320000,3.316826
0.016325000,3.286028
0.016330000,3.308368
0.016335000,3.297750
0.016340000,3.290955
0.016345000,3.273222
0.016350000,3.306872
0.016355000,3.320150
0.016360000,3.303262
0.016365000,3.267697
0.016370000,3.266181
0.016375000,3.326470
0.016380000,3.291428
0.016385000,3.296730
0.016390000,3.316114
0.016395000,3.288962
0.016400000,3.295146
0.016405000,3.283111
0.016410000,3.286494
0.016415000,3.296155
0.016420000,3.302739
0.016425000,3.282831
0.016430000,3.258600
0.016435000,3.322611
0.016440000,3.313306
0.016445000,3.309380
0.016450000,3.281902
0.016455000,3.316979
0.016460000,3.299380
0.016465000,3.283378
0.016470000,3.302936
0.016475000,3.291619
0.016480000,3.304336
0.016485000,3.279693
0.016490000,3.312977
0.016495000,2.876745
0.016500000,2.327485
0.016505000,1.773314
0.016510000,1.244705
0.016515000,0.653624
0.016520000,0.131801
0.016525000,0.020754
0.016530000,0.023171
0.016535000,0.001636
0.016540000,-0.014128
0.016545000,0.009044
0.016550000,0.020157
0.016555000,0.003034
0.016560000,-0.009724
0.016565000,0.015604
0.016570000,0.040558
0.016575000,0.001866
0.016580000,0.025844
0.016585000,0.022276
0.016590000,0.013580
0.016595000,0.015799
0.016600000,0.032332
0.016605000,0.038316
0.016610000,0.038907
0.016615000,0.001521
0.016620000,0.028819
0.016625000,0.010068
0.016630000,0.006637
0.016635000,0.021479
0.016640000,0.018925
0.016645000,0.017471
0.016650000,0.020181
0.016655000,0.014208
0.016660000,-0.010506
0.016665000,0.026123
0.016670000,0.037625
0.016675000,0.008428
0.016680000,0.014617
0.016685000,0.014596
0.016690000,0.031297
0.016695000,0.034827
0.016700000,0.024218
0.016705000,-0.004473
0.016710000,0.008772
0.016715000,-0.010738
0.016720000,0.013013
0.016725000,0.008544
0.016730000,0.025123
0.016735000,0.008517
0.016740000,0.020793
0.016745000,0.027128
0.016750000,0.014937
0.016755000,0.001781
0.016760000,0.038658
0.016765000,0.012883
0.016770000,0.016910
0.016775000,0.034583
0.016780000,0.008027
0.016785000,0.001503
0.016790000,0.016653
0.016795000,0.024399
0.016800000,0.052981
0.016805000,0.008122
0.016810000,0.010538
0.016815000,0.017424
0.016820000,0.026626
0.016825000,0.025876
0.016830000,-0.001636
0.016835000,0.007858
0.016840000,0.011478
0.016845000,0.036996
0.016850000,0.001414
0.016855000,0.034098
0.016860000,0.043666
0.016865000,0.016147
0.016870000,0.011429
0.016875000,0.010249
0.016880000,0.023259
0.016885000,0.037220
0.016890000,0.017188
0.016895000,0.041720
0.016900000,0.005209
0.016905000,0.006189
0.016910000,0.021583
0.016915000,0.005503
0.016920000,-0.001145
0.016925000,0.013544
0.016930000,0.042942
0.016935000,0.058624
0.016940000,0.014517
0.016945000,0.005949
0.016950000,0.000106
0.016955000,0.031865
0.016960000,0.023781
0.016965000,0.023401
0.016970000,0.033092
0.016975000,0.033967
0.016980000,0.012140
0.016985000,0.006563
0.016990000,0.021224
0.016995000,0.013277
0.017000000,0.030773
0.017005000,0.021771
0.017010000,0.012043
0.017015000,0.045200
0.017020000,0.021048
0.017025000,0.017115
0.017030000,-0.022960
0.017035000,0.014867
0.017040000,0.025660
0.017045000,0.004822
0.017050000,0.035483
0.017055000,-0.000884
0.017060000,0.001869
0.017065000,0.034658
0.017070000,0.020216
0.017075000,0.003371
0.017080000,0.043418
0.017085000,0.009735
0.017090000,0.014124
0.017095000,0.135430
0.017100000,0.751850
0.017105000,1.452072
0.017110000,2.122618
0.017115000,2.759707
0.017120000,3.288882
0.017125000,3.300165
0.017130000,3.297691
0.017135000,3.336276
0.017140000,3.285380
0.017145000,3.293343
0.017150000,3.280653
0.017155000,3.312070
0.017160000,3.296964
0.017165000,3.291931
0.017170000,3.287331
0.017175000,3.309674
0.017180000,3.323821
0.017185000,3.315141
0.017190000,3.298265
0.017195000,3.301922
0.017200000,3.304536
0.017205000,3.291770
0.017210000,3.290993
0.017215000,3.279097
0.017220000,3.291888
0.017225000,3.295004
0.017230000,3.297173
0.017235000,3.292002
0.017240000,3.304313
0.017245000,3.318541
0.017250000,3.307975
0.017255000,3.316394
0.017260000,3.266668
0.017265000,3.284599
0.017270000,3.301955
0.017275000,3.332257
0.017280000,3.314224
0.017285000,3.299153
0.017290000,3.296089
0.017295000,3.336694
0.017300000,3.307591
0.017305000,3.284474
0.017310000,3.274248
0.017315000,3.269191
0.017320000,3.268307
0.017325000,3.304869
0.017330000,3.290023
0.017335000,3.331738
0.017340000,3.289451
0.017345000,3.291407
0.017350000,3.279918
0.017355000,3.292642
0.017360000,3.308733
0.017365000,3.310315
0.017370000,3.283109
0.017375000,3.293591
0.017380000,3.297652
0.017385000,3.270697
0.017390000,3.309947
0.017395000,3.308830
0.017400000,3.285465
0.017405000,3.299429
0.017410000,3.324242
0.017415000,3.312187
0.017420000,3.308986
0.017425000,3.300257
0.017430000,3.297840
0.017435000,3.314293
0.017440000,3.321703
0.017445000,3.284136
0.017450000,3.305010
0.017455000,3.297082
0.017460000,3.293267
0.017465000,3.300445
0.017470000,3.302586
0.017475000,3.294302
0.017480000,3.276143
0.017485000,3.291372
0.017490000,3.322089
0.017495000,3.283829
0.017500000,3.084330
0.017505000,2.509812
0.017510000,1.984707
0.017515000,1.418496
0.017520000,0.885077
0.017525000,0.333254
0.017530000,0.031835
0.017535000,0.001490
0.017540000,0.004711
0.017545000,0.024181
0.017550000,0.034657
0.017555000,0.024183
0.017560000,0.006721
0.017565000,0.032174
0.017570000,0.009701
0.017575000,0.011061
0.017580000,0.021567
0.017585000,0.026009
0.017590000,0.003776
0.017595000,0.031195
0.017600000,0.034434
0.017605000,0.001964
0.017610000,0.015931
0.017615000,-0.006184
0.017620000,0.002189
0.017625000,0.041091
0.017630000,0.013355
0.017635000,0.043326
0.017640000,0.031520
0.017645000,0.012245
0.017650000,0.028756
0.017655000,0.024312
0.017660000,0.008296
0.017665000,0.012048
0.017670000,0.028568
0.017675000,0.006146
0.017680000,0.017037
0.017685000,-0.003381
0.017690000,0.044914
0.017695000,-0.003384
0.017700000,0.007195
0.017705000,0.006520
0.017710000,0.020832
0.017715000,0.022564
0.017720000,-0.003089
0.017725000,0.008979
0.017730000,0.016258
0.017735000,0.045214
0.017740000,0.030362
0.017745000,0.010171
0.017750000,0.012448
0.017755000,0.014956
0.017760000,0.011691
0.017765000,0.043651
0.017770000,0.001190
0.017775000,0.016424
0.017780000,0.047806
0.017785000,0.016272
0.017790000,0.043232
0.017795000,0.000364
0.017800000,0.008265
0.017805000,0.018595
0.017810000,0.018444
0.017815000,0.019755
0.017820000,0.037886
0.017825000,0.017437
0.017830000,0.027449
0.017835000,0.007778
0.017840000,0.011706
0.017845000,0.015703
0.017850000,0.027465
0.017855000,0.033440
0.017860000,0.041731
0.017865000,0.021377
0.017870000,0.017728
0.017875000,0.012280
0.017880000,0.014417
0.017885000,0.003021
0.017890000,0.031480
0.017895000,0.006237
0.017900000,0.020930
0.017905000,0.026385
0.017910000,0.022125
0.017915000,0.020417
0.017920000,0.006259
0.017925000,0.017890
0.017930000,0.025009
0.017935000,0.022175
0.017940000,0.036139
0.017945000,0.009397
0.017950000,0.035618
0.017955000,0.014321
0.017960000,0.023084
0.017965000,0.012213
0.017970000,0.012842
0.017975000,0.046207
0.017980000,0.032338
0.017985000,0.022540
0.017990000,0.062827
0.017995000,0.025037
0.018000000,-0.002423
0.018005000,0.028337
0.018010000,-0.000464
0.018015000,0.007157
0.018020000,0.015031
0.018025000,0.023466
0.018030000,0.033011
0.018035000,0.012155
0.018040000,0.018718
0.018045000,0.019716
0.018050000,0.021482
0.018055000,0.032539
0.018060000,0.019169
0.018065000,-0.021017
0.018070000,0.011243
0.018075000,0.021371
0.018080000,0.013212
0.018085000,0.019293
0.018090000,0.029240
0.018095000,0.039140
0.018100000,0.686827
0.018105000,1.346115
0.018110000,1.977520
0.018115000,2.651551
0.018120000,3.318996
0.018125000,3.317461
0.018130000,3.283002
0.018135000,3.297575
0.018140000,3.300350
0.018145000,3.295138
0.018150000,3.300635
0.018155000,3.297442
0.018160000,3.298538
0.018165000,3.299625
0.018170000,3.282803
0.018175000,3.296094
0.018180000,3.298515
0.018185000,3.319425
0.018190000,3.298803
0.018195000,3.316726
0.018200000,3.269955
0.018205000,3.274707
0.018210000,3.284024
0.018215000,3.329304
0.018220000,3.282449
0.018225000,3.290992
0.018230000,3.283764
0.018235000,3.288797
0.018240000,3.314254
0.018245000,3.298076
0.018250000,3.272122
0.018255000,3.304993
0.018260000,3.283974
0.018265000,3.314798
0.018270000,3.324458
0.018275000,3.313870
0.018280000,3.306223
0.018285000,3.291358
0.018290000,3.315230
0.018295000,3.297085
0.018300000,3.288889
0.018305000,3.309269
0.018310000,3.314016
0.018315000,3.289469
0.018320000,3.310794
0.018325000,3.297977
0.018330000,3.268438
0.018335000,3.312653
0.018340000,3.288687
0.018345000,3.293851
0.018350000,3.294848
0.018355000,3.299290
0.018360000,3.306948
0.018365000,3.310191
0.018370000,3.281988
0.018375000,3.318411
0.018380000,3.296598
0.018385000,3.299290
0.018390000,3.315014
0.018395000,3.296419
0.018400000,3.279285
0.018405000,3.289338
0.018410000,3.313384
0.018415000,3.289349
0.018420000,3.309978
0.018425000,3.313014
0.018430000,3.318851
0.018435000,3.286926
0.018440000,3.281657
0.018445000,3.304054
0.018450000,3.297246
0.018455000,3.307054
0.018460000,3.308306
0.018465000,3.283943
0.018470000,3.310964
0.018475000,3.295103
0.018480000,3.298992
0.018485000,3.320945
0.018490000,3.272650
0.018495000,3.178323
0.018500000,2.631056
0.018505000,2.082703
0.018510000,1.542645
0.018515000,0.964076
0.018520000,0.461987
0.018525000,0.037391
0.018530000,0.030990
0.018535000,0.031070
0.018540000,-0.004542
0.018545000,0.002053
0.018550000,0.029475
0.018555000,0.012012
0.018560000,0.007091
0.018565000,0.011031
0.018570000,0.013964
0.018575000,0.017639
0.018580000,0.025148
0.018585000,0.031023
0.018590000,0.024565
0.018595000,0.022661
0.018600000,0.008897
0.018605000,0.034573
0.018610000,0.021803
0.018615000,0.012469
0.018620000,0.026678
0.018625000,0.022790
0.018630000,-0.006077
0.018635000,0.011206
0.018640000,-0.004865
0.018645000,0.023794
0.018650000,0.044721
0.018655000,0.025201
0.018660000,0.017771
0.018665000,0.011209
0.018670000,0.018267
0.018675000,0.011392
0.018680000,0.013321
0.018685000,0.016377
0.018690000,0.014084
0.018695000,0.029448
0.018700000,0.009747
0.018705000,0.001886
0.018710000,0.022845
0.018715000,0.025200
0.018720000,0.026844
0.018725000,0.017946
0.018730000,0.031656
0.018735000,0.024184
0.018740000,-0.021469
0.018745000,0.008463
0.018750000,0.015831
0.018755000,0.019883
0.018760000,0.025032
0.018765000,0.023703
0.018770000,0.016453
0.018775000,-0.002859
0.018780000,0.027203
0.018785000,0.023223
0.018790000,0.002230
0.018795000,0.015009
0.018800000,0.019738
0.018805000,0.024800
0.018810000,0.030207
0.018815000,0.037844
0.018820000,0.038956
0.018825000,0.025617
0.018830000,0.033093
0.018835000,-0.001902
0.018840000,0.008594
0.018845000,0.032895
0.018850000,0.015052
0.018855000,0.007306
0.018860000,0.015160
0.018865000,0.024126
0.018870000,0.038833
0.018875000,0.030537
0.018880000,-0.000288
0.018885000,0.021305
0.018890000,0.005477
0.018895000,0.042680
0.018900000,0.021671
0.018905000,0.044251
0.018910000,0.018036
0.018915000,0.009067
0.018920000,0.017339
0.018925000,0.039595
0.018930000,0.007311
0.018935000,0.026053
0.018940000,-0.015402
0.018945000,0.042950
0.018950000,0.033416
0.018955000,0.009001
0.018960000,-0.014181
0.018965000,0.009854
0.018970000,0.049319
0.018975000,0.033969
0.018980000,0.060730
0.018985000,0.018389
0.018990000,0.013510
0.018995000,0.038769
0.019000000,-0.000887
0.019005000,0.018268
0.019010000,-0.010957
0.019015000,0.030179
0.019020000,0.025091
0.019025000,0.019373
0.019030000,-0.006571
0.019035000,0.012625
0.019040000,0.028613
0.019045000,0.009419
0.019050000,0.012873
0.019055000,0.034783
0.019060000,0.039423
0.019065000,0.004585
0.019070000,0.022466
0.019075000,0.022690
0.019080000,0.052192
0.019085000,0.001993
0.019090000,0.043960
0.019095000,-0.014529
0.019100000,0.582144
0.019105000,1.238793
0.019110000,1.879100
0.019115000,2.552359
0.019120000,3.199057
0.019125000,3.315028
0.019130000,3.295059
0.019135000,3.279424
0.019140000,3.306922
0.019145000,3.281999
0.019150000,3.314085
0.019155000,3.305976
0.019160000,3.283491
0.019165000,3.299991
0.019170000,3.307511
0.019175000,3.320522
0.019180000,3.293304
0.019185000,3.306642
0.019190000,3.305794
0.019195000,3.299692
0.019200000,3.311292
0.019205000,3.295924
0.019210000,3.290607
0.019215000,3.301230
0.019220000,3.312788
0.019225000,3.256797
0.019230000,3.281958
0.019235000,3.312632
0.019240000,3.310413
0.019245000,3.300194
0.019250000,3.291567
0.019255000,3.307837
0.019260000,3.310639
0.019265000,3.308773
0.019270000,3.320080
0.019275000,3.312181
0.019280000,3.322990
0.019285000,3.309446
0.019290000,3.301634
0.019295000,3.286499
0.019300000,3.301428
0.019305000,3.308445
0.019310000,3.302752
0.019315000,3.330895
0.019320000,3.309126
0.019325000,3.282129
0.019330000,3.315376
0.019335000,3.320637
0.019340000,3.297924
0.019345000,3.320200
0.019350000,3.320158
0.019355000,3.305299
0.019360000,3.293497
0.019365000,3.295108
0.019370000,3.298805
0.019375000,3.288270
0.019380000,3.285389
0.019385000,3.287753
0.019390000,3.307822
0.019395000,3.290292
0.019400000,3.306848
0.019405000,3.260962
0.019410000,3.298453
0.019415000,3.258128
0.019420000,3.264098
0.019425000,3.309130
0.019430000,3.290768
0.019435000,3.308321
0.019440000,3.302256
0.019445000,3.307537
0.019450000,3.296204
0.019455000,3.269355
0.019460000,3.288697
0.019465000,3.295091
0.019470000,3.297376
0.019475000,3.286548
0.019480000,3.298788
0.019485000,3.291374
0.019490000,3.279192
0.019495000,3.234539
0.019500000,2.674105
0.019505000,2.135798
0.019510000,1.557872
0.019515000,1.052227
0.019520000,0.498289
0.019525000,0.024711
0.019530000,0.005135
0.019535000,0.029504
0.019540000,0.023644
0.019545000,0.020161
0.019550000,0.030378
0.019555000,0.047888
0.019560000,0.019308
0.019565000,0.028619
0.019570000,0.010240
0.019575000,0.034866
0.019580000,0.013122
0.019585000,0.011533
0.019590000,0.044101
0.019595000,0.010788
0.019600000,0.024557
0.019605000,0.022457
0.019610000,0.005348
0.019615000,-0.000477
0.019620000,0.017823
0.019625000,0.033451
0.019630000,0.024976
0.019635000,0.020059
0.019640000,0.020967
0.019645000,0.033183
0.019650000,0.029228
0.019655000,0.012334
0.019660000,0.025103
0.019665000,0.028812
0.019670000,0.023077
0.019675000,0.021131
0.019680000,0.019151
0.019685000,0.016941
0.019690000,0.014622
0.019695000,0.055074
0.019700000,0.015947
0.019705000,0.019480
0.019710000,0.051926
0.019715000,0.028086
0.019720000,-0.008345
0.019725000,0.002312
0.019730000,0.036929
0.019735000,0.011481
0.019740000,0.028817
0.019745000,0.048130
0.019750000,0.046039
0.019755000,0.044017
0.019760000,0.023169
0.019765000,0.005339
0.019770000,0.021377
0.019775000,0.041215
0.019780000,0.003412
0.019785000,0.006498
0.019790000,0.036718
0.019795000,0.017071
0.019800000,0.003564
0.019805000,0.021700
0.019810000,0.004708
0.019815000,0.030223
0.019820000,0.034408
0.019825000,0.030295
0.019830000,0.007580
0.019835000,0.023186
0.019840000,0.008991
0.019845000,0.007007
0.019850000,0.037964
0.019855000,0.004979
0.019860000,0.012237
0.019865000,-0.014688
0.019870000,0.066146
0.019875000,0.005511
0.019880000,0.042910
0.019885000,0.024985
0.019890000,0.014669
0.019895000,0.018374
0.019900000,0.036452
0.019905000,0.052270
0.019910000,0.000449
0.019915000,0.022231
0.019920000,0.038601
0.019925000,0.003879
0.019930000,0.036707
0.019935000,0.043494
0.019940000,0.022930
0.019945000,0.031975
0.019950000,0.020550
0.019955000,-0.005174
0.019960000,0.027432
0.019965000,-0.006514
0.019970000,0.029958
0.019975000,0.060072
0.019980000,0.012944
0.019985000,-0.004989
0.019990000,0.007052
0.019995000,0.030019
